epoch,regime,seed,tag,test_acc,test_hosp_2_acc,test_hosp_2_loss,test_loss,test_worst_domain_acc,test_worst_domain_loss,val_acc,val_hosp_1_acc,val_hosp_1_loss,val_loss,val_worst_domain_acc,val_worst_domain_loss
28,erm_softclip_p95_a10_cam,0,h0_do0.0_lr0.001_wd0.0001_bs512_ep30_v11ermsoftclipfix_cam_10s,0.918534107743316,0.918534107743316,0.2865686241074203,0.2865686241074203,0.918534107743316,0.2865686241074203,0.9072026128810452,0.9072026128810452,0.34778253054122676,0.34778253054122676,0.9072026128810452,0.34778253054122676
26,erm_softclip_p95_a10_cam,0,h0_do0.0_lr0.001_wd0.0001_bs512_ep30_v11ermsoftclipfix_cam_10s,0.9214969313612529,0.9214969313612529,0.2789234268958922,0.2789234268958922,0.9214969313612529,0.2789234268958922,0.9077469630987852,0.9077469630987852,0.34370197048390555,0.34370197048390555,0.9077469630987852,0.34370197048390555
7,erm_softclip_p95_a10_cam,0,h0_do0.0_lr0.001_wd0.0001_bs512_ep30_v11ermsoftclipfix_cam_10s,0.9190984550991135,0.9190984550991135,0.24422239958887734,0.24422239958887734,0.9190984550991135,0.24422239958887734,0.906343112537245,0.906343112537245,0.29247175212309434,0.29247175212309434,0.906343112537245,0.29247175212309434
21,erm_softclip_p95_a10_cam,1,h0_do0.0_lr0.001_wd0.0001_bs512_ep30_v11ermsoftclipfix_cam_10s,0.9212147576833541,0.9212147576833541,0.272111808350133,0.272111808350133,0.9212147576833541,0.272111808350133,0.9084345633738253,0.9084345633738253,0.33221691781294,0.33221691781294,0.9084345633738253,0.33221691781294
18,erm_softclip_p95_a10_cam,1,h0_do0.0_lr0.001_wd0.0001_bs512_ep30_v11ermsoftclipfix_cam_10s,0.9216732899099396,0.9216732899099396,0.26491681061466804,0.26491681061466804,0.9216732899099396,0.26491681061466804,0.9073458629383452,0.9073458629383452,0.33218717729716835,0.33218717729716835,0.9073458629383452,0.33218717729716835
5,erm_softclip_p95_a10_cam,1,h0_do0.0_lr0.001_wd0.0001_bs512_ep30_v11ermsoftclipfix_cam_10s,0.9155712841253791,0.9155712841253791,0.24883136889852564,0.24883136889852564,0.9155712841253791,0.24883136889852564,0.9034208113683245,0.9034208113683245,0.2907552952954175,0.2907552952954175,0.9034208113683245,0.2907552952954175
24,erm_softclip_p95_a10_cam,2,h0_do0.0_lr0.001_wd0.0001_bs512_ep30_v11ermsoftclipfix_cam_10s,0.9196392879817528,0.9196392879817528,0.2768781483397844,0.2768781483397844,0.9196392879817528,0.2768781483397844,0.9076610130644053,0.9076610130644053,0.33646004729203066,0.33646004729203066,0.9076610130644053,0.33646004729203066
13,erm_softclip_p95_a10_cam,2,h0_do0.0_lr0.001_wd0.0001_bs512_ep30_v11ermsoftclipfix_cam_10s,0.9228960425141675,0.9228960425141675,0.2543720787095551,0.2543720787095551,0.9228960425141675,0.2543720787095551,0.9087497134998854,0.9087497134998854,0.311286308735382,0.311286308735382,0.9087497134998854,0.311286308735382
5,erm_softclip_p95_a10_cam,2,h0_do0.0_lr0.001_wd0.0001_bs512_ep30_v11ermsoftclipfix_cam_10s,0.9177581301290945,0.9177581301290945,0.24389401622969142,0.24389401622969142,0.9177581301290945,0.24389401622969142,0.9030197112078845,0.9030197112078845,0.2905590205865043,0.2905590205865043,0.9030197112078845,0.2905590205865043
21,erm_softclip_p95_a10_cam,3,h0_do0.0_lr0.001_wd0.0001_bs512_ep30_v11ermsoftclipfix_cam_10s,0.9211677287370377,0.9211677287370377,0.27096563517546496,0.27096563517546496,0.9211677287370377,0.27096563517546496,0.9089216135686454,0.9089216135686454,0.3295387053567913,0.3295387053567913,0.9089216135686454,0.3295387053567913
21,erm_softclip_p95_a10_cam,3,h0_do0.0_lr0.001_wd0.0001_bs512_ep30_v11ermsoftclipfix_cam_10s,0.9211677287370377,0.9211677287370377,0.27096563517546496,0.27096563517546496,0.9211677287370377,0.27096563517546496,0.9089216135686454,0.9089216135686454,0.3295387053567913,0.3295387053567913,0.9089216135686454,0.3295387053567913
5,erm_softclip_p95_a10_cam,3,h0_do0.0_lr0.001_wd0.0001_bs512_ep30_v11ermsoftclipfix_cam_10s,0.9157123709643286,0.9157123709643286,0.24823444756532184,0.24823444756532184,0.9157123709643286,0.24823444756532184,0.9029337611735044,0.9029337611735044,0.2920298851265045,0.2920298851265045,0.9029337611735044,0.2920298851265045
25,erm_softclip_p95_a10_cam,4,h0_do0.0_lr0.001_wd0.0001_bs512_ep30_v11ermsoftclipfix_cam_10s,0.9192630564112211,0.9192630564112211,0.279629579608808,0.279629579608808,0.9192630564112211,0.279629579608808,0.9072885629154251,0.9072885629154251,0.3455268210369674,0.3455268210369674,0.9072885629154251,0.3455268210369674
15,erm_softclip_p95_a10_cam,4,h0_do0.0_lr0.001_wd0.0001_bs512_ep30_v11ermsoftclipfix_cam_10s,0.9211559715004586,0.9211559715004586,0.26240548407932746,0.26240548407932746,0.9211559715004586,0.26240548407932746,0.9073172129268852,0.9073172129268852,0.32297791566868206,0.32297791566868206,0.9073172129268852,0.32297791566868206
7,erm_softclip_p95_a10_cam,4,h0_do0.0_lr0.001_wd0.0001_bs512_ep30_v11ermsoftclipfix_cam_10s,0.9202859359936041,0.9202859359936041,0.2450639653310564,0.2450639653310564,0.9202859359936041,0.2450639653310564,0.905827412330965,0.905827412330965,0.2935125855079567,0.2935125855079567,0.905827412330965,0.2935125855079567
23,erm_softclip_p95_a10_cam,5,h0_do0.0_lr0.001_wd0.0001_bs512_ep30_v11ermsoftclipfix_cam_10s,0.9210383991346673,0.9210383991346673,0.2728000000710437,0.2728000000710437,0.9210383991346673,0.2728000000710437,0.9074318129727252,0.9074318129727252,0.3345833472618145,0.3345833472618145,0.9074318129727252,0.3345833472618145
27,erm_softclip_p95_a10_cam,5,h0_do0.0_lr0.001_wd0.0001_bs512_ep30_v11ermsoftclipfix_cam_10s,0.9215792320173066,0.9215792320173066,0.2807075048352478,0.2807075048352478,0.9215792320173066,0.2807075048352478,0.9079475131790052,0.9079475131790052,0.3469664860781292,0.3469664860781292,0.9079475131790052,0.3469664860781292
5,erm_softclip_p95_a10_cam,5,h0_do0.0_lr0.001_wd0.0001_bs512_ep30_v11ermsoftclipfix_cam_10s,0.9159475156959108,0.9159475156959108,0.24548393724991072,0.24548393724991072,0.9159475156959108,0.24548393724991072,0.9030197112078845,0.9030197112078845,0.2874735795303393,0.2874735795303393,0.9030197112078845,0.2874735795303393
26,erm_softclip_p95_a10_cam,6,h0_do0.0_lr0.001_wd0.0001_bs512_ep30_v11ermsoftclipfix_cam_10s,0.9197451031109648,0.9197451031109648,0.28187220308255256,0.28187220308255256,0.9197451031109648,0.28187220308255256,0.9073458629383452,0.9073458629383452,0.3430100974937246,0.3430100974937246,0.9073458629383452,0.3430100974937246
29,erm_softclip_p95_a10_cam,6,h0_do0.0_lr0.001_wd0.0001_bs512_ep30_v11ermsoftclipfix_cam_10s,0.9197451031109648,0.9197451031109648,0.285882756279062,0.285882756279062,0.9197451031109648,0.285882756279062,0.9074604629841851,0.9074604629841851,0.3475335423144786,0.3475335423144786,0.9074604629841851,0.3475335423144786
6,erm_softclip_p95_a10_cam,6,h0_do0.0_lr0.001_wd0.0001_bs512_ep30_v11ermsoftclipfix_cam_10s,0.9163825334493381,0.9163825334493381,0.2488074144531916,0.2488074144531916,0.9163825334493381,0.2488074144531916,0.9055982122392849,0.9055982122392849,0.28957772715337143,0.28957772715337143,0.9055982122392849,0.28957772715337143
22,erm_softclip_p95_a10_cam,7,h0_do0.0_lr0.001_wd0.0001_bs512_ep30_v11ermsoftclipfix_cam_10s,0.9200625484986009,0.9200625484986009,0.27488235134224037,0.27488235134224037,0.9200625484986009,0.27488235134224037,0.9079475131790052,0.9079475131790052,0.33631664877256473,0.33631664877256473,0.9079475131790052,0.33631664877256473
26,erm_softclip_p95_a10_cam,7,h0_do0.0_lr0.001_wd0.0001_bs512_ep30_v11ermsoftclipfix_cam_10s,0.9217908622757307,0.9217908622757307,0.27894687220914094,0.27894687220914094,0.9217908622757307,0.27894687220914094,0.9083772633509053,0.9083772633509053,0.3418865804591211,0.3418865804591211,0.9083772633509053,0.3418865804591211
5,erm_softclip_p95_a10_cam,7,h0_do0.0_lr0.001_wd0.0001_bs512_ep30_v11ermsoftclipfix_cam_10s,0.917617043290145,0.917617043290145,0.24467752220194805,0.24467752220194805,0.917617043290145,0.24467752220194805,0.9034494613797845,0.9034494613797845,0.29330037458125835,0.29330037458125835,0.9034494613797845,0.29330037458125835
24,erm_softclip_p95_a10_cam,8,h0_do0.0_lr0.001_wd0.0001_bs512_ep30_v11ermsoftclipfix_cam_10s,0.9202036353375502,0.9202036353375502,0.2781956462132574,0.2781956462132574,0.9202036353375502,0.2781956462132574,0.9077183130873252,0.9077183130873252,0.34116738874234703,0.34116738874234703,0.9077183130873252,0.34116738874234703
12,erm_softclip_p95_a10_cam,8,h0_do0.0_lr0.001_wd0.0001_bs512_ep30_v11ermsoftclipfix_cam_10s,0.920685682037294,0.920685682037294,0.25752517202815434,0.25752517202815434,0.920685682037294,0.25752517202815434,0.9080048132019253,0.9080048132019253,0.3124950842457035,0.3124950842457035,0.9080048132019253,0.3124950842457035
4,erm_softclip_p95_a10_cam,8,h0_do0.0_lr0.001_wd0.0001_bs512_ep30_v11ermsoftclipfix_cam_10s,0.9135490394337715,0.9135490394337715,0.24601449451954213,0.24601449451954213,0.9135490394337715,0.24601449451954213,0.9002979601191841,0.9002979601191841,0.28889750551270565,0.28889750551270565,0.9002979601191841,0.28889750551270565
26,erm_softclip_p95_a10_cam,9,h0_do0.0_lr0.001_wd0.0001_bs512_ep30_v11ermsoftclipfix_cam_10s,0.9202859359936041,0.9202859359936041,0.2795805401729394,0.2795805401729394,0.9202859359936041,0.2795805401729394,0.9071453128581252,0.9071453128581252,0.3455091032585354,0.3455091032585354,0.9071453128581252,0.3455091032585354
14,erm_softclip_p95_a10_cam,9,h0_do0.0_lr0.001_wd0.0001_bs512_ep30_v11ermsoftclipfix_cam_10s,0.9226491405460061,0.9226491405460061,0.2599122108752156,0.2599122108752156,0.9226491405460061,0.2599122108752156,0.9087210634884254,0.9087210634884254,0.3192817957541084,0.3192817957541084,0.9087210634884254,0.3192817957541084
4,erm_softclip_p95_a10_cam,9,h0_do0.0_lr0.001_wd0.0001_bs512_ep30_v11ermsoftclipfix_cam_10s,0.9134549815411386,0.9134549815411386,0.2487976257267663,0.2487976257267663,0.9134549815411386,0.2487976257267663,0.9005558102223241,0.9005558102223241,0.28982042023503385,0.28982042023503385,0.9005558102223241,0.28982042023503385
20,erm_softclip_p97_a10_cam,0,h0_do0.0_lr0.001_wd0.0001_bs512_ep30_v11ermsoftclipfix_cam_10s,0.9200507912620218,0.9200507912620218,0.2630751216350226,0.2630751216350226,0.9200507912620218,0.2630751216350226,0.9082626633050653,0.9082626633050653,0.31699235543652443,0.31699235543652443,0.9082626633050653,0.31699235543652443
25,erm_softclip_p97_a10_cam,0,h0_do0.0_lr0.001_wd0.0001_bs512_ep30_v11ermsoftclipfix_cam_10s,0.919051426152797,0.919051426152797,0.2728703185930563,0.2728703185930563,0.919051426152797,0.2728703185930563,0.9071453128581252,0.9071453128581252,0.3298108536613598,0.3298108536613598,0.9071453128581252,0.3298108536613598
5,erm_softclip_p97_a10_cam,0,h0_do0.0_lr0.001_wd0.0001_bs512_ep30_v11ermsoftclipfix_cam_10s,0.9155595268888,0.9155595268888,0.2388621151906271,0.2388621151906271,0.9155595268888,0.2388621151906271,0.9047387118954847,0.9047387118954847,0.2749010394600138,0.2749010394600138,0.9047387118954847,0.2749010394600138
19,erm_softclip_p97_a10_cam,1,h0_do0.0_lr0.001_wd0.0001_bs512_ep30_v11ermsoftclipfix_cam_10s,0.9192042702283255,0.9192042702283255,0.2601759100114028,0.2601759100114028,0.9192042702283255,0.2601759100114028,0.9081480632592253,0.9081480632592253,0.3136884725109001,0.3136884725109001,0.9081480632592253,0.3136884725109001
23,erm_softclip_p97_a10_cam,1,h0_do0.0_lr0.001_wd0.0001_bs512_ep30_v11ermsoftclipfix_cam_10s,0.9207091965104521,0.9207091965104521,0.266151487260916,0.266151487260916,0.9207091965104521,0.266151487260916,0.9088070135228055,0.9088070135228055,0.32358396096405906,0.32358396096405906,0.9088070135228055,0.32358396096405906
5,erm_softclip_p97_a10_cam,1,h0_do0.0_lr0.001_wd0.0001_bs512_ep30_v11ermsoftclipfix_cam_10s,0.9152891104474804,0.9152891104474804,0.23822180286228084,0.23822180286228084,0.9152891104474804,0.23822180286228084,0.9054549621819848,0.9054549621819848,0.27184184173149606,0.27184184173149606,0.9054549621819848,0.27184184173149606
20,erm_softclip_p97_a10_cam,2,h0_do0.0_lr0.001_wd0.0001_bs512_ep30_v11ermsoftclipfix_cam_10s,0.918334234721471,0.918334234721471,0.26467727013069875,0.26467727013069875,0.918334234721471,0.26467727013069875,0.9077469630987852,0.9077469630987852,0.31658326446126667,0.31658326446126667,0.9077469630987852,0.31658326446126667
19,erm_softclip_p97_a10_cam,2,h0_do0.0_lr0.001_wd0.0001_bs512_ep30_v11ermsoftclipfix_cam_10s,0.9210266418980882,0.9210266418980882,0.25796649060560434,0.25796649060560434,0.9210266418980882,0.25796649060560434,0.9082053632821453,0.9082053632821453,0.3159309848522193,0.3159309848522193,0.9082053632821453,0.3159309848522193
3,erm_softclip_p97_a10_cam,2,h0_do0.0_lr0.001_wd0.0001_bs512_ep30_v11ermsoftclipfix_cam_10s,0.910209984245303,0.910209984245303,0.24141882994475083,0.24141882994475083,0.910209984245303,0.24141882994475083,0.900040110016044,0.900040110016044,0.2717429985081752,0.2717429985081752,0.900040110016044,0.2717429985081752
20,erm_softclip_p97_a10_cam,3,h0_do0.0_lr0.001_wd0.0001_bs512_ep30_v11ermsoftclipfix_cam_10s,0.916794036729607,0.916794036729607,0.2676020212165898,0.2676020212165898,0.916794036729607,0.2676020212165898,0.9073458629383452,0.9073458629383452,0.3197829501460927,0.3197829501460927,0.9073458629383452,0.3197829501460927
21,erm_softclip_p97_a10_cam,3,h0_do0.0_lr0.001_wd0.0001_bs512_ep30_v11ermsoftclipfix_cam_10s,0.9200390340254426,0.9200390340254426,0.26415377551888397,0.26415377551888397,0.9200390340254426,0.26415377551888397,0.9084059133623653,0.9084059133623653,0.31766173964868794,0.31766173964868794,0.9084059133623653,0.31766173964868794
5,erm_softclip_p97_a10_cam,3,h0_do0.0_lr0.001_wd0.0001_bs512_ep30_v11ermsoftclipfix_cam_10s,0.9135843111435088,0.9135843111435088,0.242840527468947,0.242840527468947,0.9135843111435088,0.242840527468947,0.9056268622507448,0.9056268622507448,0.27009882225110243,0.27009882225110243,0.9056268622507448,0.27009882225110243
20,erm_softclip_p97_a10_cam,4,h0_do0.0_lr0.001_wd0.0001_bs512_ep30_v11ermsoftclipfix_cam_10s,0.9185811366896325,0.9185811366896325,0.26568022648388695,0.26568022648388695,0.9185811366896325,0.26568022648388695,0.9084345633738253,0.9084345633738253,0.3166332166341425,0.3166332166341425,0.9084345633738253,0.3166332166341425
22,erm_softclip_p97_a10_cam,4,h0_do0.0_lr0.001_wd0.0001_bs512_ep30_v11ermsoftclipfix_cam_10s,0.9204035083593952,0.9204035083593952,0.2665456420016184,0.2665456420016184,0.9204035083593952,0.2665456420016184,0.9084632133852854,0.9084632133852854,0.3228752170093476,0.3228752170093476,0.9084632133852854,0.3228752170093476
5,erm_softclip_p97_a10_cam,4,h0_do0.0_lr0.001_wd0.0001_bs512_ep30_v11ermsoftclipfix_cam_10s,0.9141016295529899,0.9141016295529899,0.24123928725016636,0.24123928725016636,0.9141016295529899,0.24123928725016636,0.9052544121017648,0.9052544121017648,0.2726634188707165,0.2726634188707165,0.9052544121017648,0.2726634188707165
23,erm_softclip_p97_a10_cam,5,h0_do0.0_lr0.001_wd0.0001_bs512_ep30_v11ermsoftclipfix_cam_10s,0.9190749406259553,0.9190749406259553,0.2670099621742204,0.2670099621742204,0.9190749406259553,0.2670099621742204,0.9077183130873252,0.9077183130873252,0.32168564636063385,0.32168564636063385,0.9077183130873252,0.32168564636063385
25,erm_softclip_p97_a10_cam,5,h0_do0.0_lr0.001_wd0.0001_bs512_ep30_v11ermsoftclipfix_cam_10s,0.9205210807251863,0.9205210807251863,0.2710590678728412,0.2710590678728412,0.9205210807251863,0.2710590678728412,0.9078042631217053,0.9078042631217053,0.32916970583891597,0.32916970583891597,0.9078042631217053,0.32916970583891597
3,erm_softclip_p97_a10_cam,5,h0_do0.0_lr0.001_wd0.0001_bs512_ep30_v11ermsoftclipfix_cam_10s,0.9096456368895055,0.9096456368895055,0.2426345241699917,0.2426345241699917,0.9096456368895055,0.2426345241699917,0.8997249598899839,0.8997249598899839,0.2721825100647071,0.2721825100647071,0.8997249598899839,0.2721825100647071
21,erm_softclip_p97_a10_cam,6,h0_do0.0_lr0.001_wd0.0001_bs512_ep30_v11ermsoftclipfix_cam_10s,0.9205093234886073,0.9205093234886073,0.26305398709740374,0.26305398709740374,0.9205093234886073,0.26305398709740374,0.9090935136374054,0.9090935136374054,0.31572916031721227,0.31572916031721227,0.9090935136374054,0.31572916031721227
22,erm_softclip_p97_a10_cam,6,h0_do0.0_lr0.001_wd0.0001_bs512_ep30_v11ermsoftclipfix_cam_10s,0.9208502833494016,0.9208502833494016,0.26513663659138187,0.26513663659138187,0.9208502833494016,0.26513663659138187,0.9083772633509053,0.9083772633509053,0.32291526925030156,0.32291526925030156,0.9083772633509053,0.32291526925030156
6,erm_softclip_p97_a10_cam,6,h0_do0.0_lr0.001_wd0.0001_bs512_ep30_v11ermsoftclipfix_cam_10s,0.9157829143838032,0.9157829143838032,0.24107128748915255,0.24107128748915255,0.9157829143838032,0.24107128748915255,0.9078902131560853,0.9078902131560853,0.2694277709256339,0.2694277709256339,0.9078902131560853,0.2694277709256339
20,erm_softclip_p97_a10_cam,7,h0_do0.0_lr0.001_wd0.0001_bs512_ep30_v11ermsoftclipfix_cam_10s,0.9192748136478002,0.9192748136478002,0.26332035021717415,0.26332035021717415,0.9192748136478002,0.26332035021717415,0.9085491634196654,0.9085491634196654,0.31760984685283733,0.31760984685283733,0.9085491634196654,0.31760984685283733
26,erm_softclip_p97_a10_cam,7,h0_do0.0_lr0.001_wd0.0001_bs512_ep30_v11ermsoftclipfix_cam_10s,0.9212500293930914,0.9212500293930914,0.27235015069082996,0.27235015069082996,0.9212500293930914,0.27235015069082996,0.9079761631904653,0.9079761631904653,0.3309396654850813,0.3309396654850813,0.9079761631904653,0.3309396654850813
5,erm_softclip_p97_a10_cam,7,h0_do0.0_lr0.001_wd0.0001_bs512_ep30_v11ermsoftclipfix_cam_10s,0.9161121170080184,0.9161121170080184,0.23864935753813546,0.23864935753813546,0.9161121170080184,0.23864935753813546,0.9051971120788448,0.9051971120788448,0.2740498794668153,0.2740498794668153,0.9051971120788448,0.2740498794668153
23,erm_softclip_p97_a10_cam,8,h0_do0.0_lr0.001_wd0.0001_bs512_ep30_v11ermsoftclipfix_cam_10s,0.9182401768288382,0.9182401768288382,0.2698661918330209,0.2698661918330209,0.9182401768288382,0.2698661918330209,0.9077469630987852,0.9077469630987852,0.3266741394591654,0.3266741394591654,0.9077469630987852,0.3266741394591654
21,erm_softclip_p97_a10_cam,8,h0_do0.0_lr0.001_wd0.0001_bs512_ep30_v11ermsoftclipfix_cam_10s,0.9214263879417781,0.9214263879417781,0.2648402608833644,0.2648402608833644,0.9214263879417781,0.2648402608833644,0.9081480632592253,0.9081480632592253,0.3218213686008877,0.3218213686008877,0.9081480632592253,0.3218213686008877
5,erm_softclip_p97_a10_cam,8,h0_do0.0_lr0.001_wd0.0001_bs512_ep30_v11ermsoftclipfix_cam_10s,0.9153008676840595,0.9153008676840595,0.24121749742152934,0.24121749742152934,0.9153008676840595,0.24121749742152934,0.9046814118725648,0.9046814118725648,0.2737558293509006,0.2737558293509006,0.9046814118725648,0.2737558293509006
22,erm_softclip_p97_a10_cam,9,h0_do0.0_lr0.001_wd0.0001_bs512_ep30_v11ermsoftclipfix_cam_10s,0.9200390340254426,0.9200390340254426,0.2633361341420905,0.2633361341420905,0.9200390340254426,0.2633361341420905,0.9085491634196654,0.9085491634196654,0.3196902207596488,0.3196902207596488,0.9085491634196654,0.3196902207596488
28,erm_softclip_p97_a10_cam,9,h0_do0.0_lr0.001_wd0.0001_bs512_ep30_v11ermsoftclipfix_cam_10s,0.9212265149199332,0.9212265149199332,0.27327759111853406,0.27327759111853406,0.9212265149199332,0.27327759111853406,0.9076037130414852,0.9076037130414852,0.3366548140867957,0.3366548140867957,0.9076037130414852,0.3366548140867957
5,erm_softclip_p97_a10_cam,9,h0_do0.0_lr0.001_wd0.0001_bs512_ep30_v11ermsoftclipfix_cam_10s,0.9145954334893127,0.9145954334893127,0.23923323746842207,0.23923323746842207,0.9145954334893127,0.23923323746842207,0.9039078615631446,0.9039078615631446,0.2730197873203918,0.2730197873203918,0.9039078615631446,0.2730197873203918
7,erm_softclip_p99_a10_cam,0,h0_do0.0_lr0.001_wd0.0001_bs512_ep30_v11ermsoftclipfix_cam_10s,0.9194864439062242,0.9194864439062242,0.2170321366749197,0.2170321366749197,0.9194864439062242,0.2170321366749197,0.9071453128581252,0.9071453128581252,0.2531597437988927,0.2531597437988927,0.9071453128581252,0.2531597437988927
19,erm_softclip_p99_a10_cam,0,h0_do0.0_lr0.001_wd0.0001_bs512_ep30_v11ermsoftclipfix_cam_10s,0.9172643261927717,0.9172643261927717,0.243351545754229,0.243351545754229,0.9172643261927717,0.243351545754229,0.9055122622049049,0.9055122622049049,0.2915775461747795,0.2915775461747795,0.9055122622049049,0.2915775461747795
4,erm_softclip_p99_a10_cam,0,h0_do0.0_lr0.001_wd0.0001_bs512_ep30_v11ermsoftclipfix_cam_10s,0.9180285465704141,0.9180285465704141,0.21843771939720172,0.21843771939720172,0.9180285465704141,0.21843771939720172,0.9056268622507448,0.9056268622507448,0.24714624057210194,0.24714624057210194,0.9056268622507448,0.24714624057210194
13,erm_softclip_p99_a10_cam,1,h0_do0.0_lr0.001_wd0.0001_bs512_ep30_v11ermsoftclipfix_cam_10s,0.913290380229031,0.913290380229031,0.23913107303262723,0.23913107303262723,0.913290380229031,0.23913107303262723,0.9055409122163649,0.9055409122163649,0.27562364747146967,0.27562364747146967,0.9055409122163649,0.27562364747146967
27,erm_softclip_p99_a10_cam,1,h0_do0.0_lr0.001_wd0.0001_bs512_ep30_v11ermsoftclipfix_cam_10s,0.9146071907258918,0.9146071907258918,0.25793998798409995,0.25793998798409995,0.9146071907258918,0.25793998798409995,0.9056841622736649,0.9056841622736649,0.3003856862436591,0.3003856862436591,0.9056841622736649,0.3003856862436591
3,erm_softclip_p99_a10_cam,1,h0_do0.0_lr0.001_wd0.0001_bs512_ep30_v11ermsoftclipfix_cam_10s,0.9158064288569615,0.9158064288569615,0.2205622287577424,0.2205622287577424,0.9158064288569615,0.2205622287577424,0.9047960119184048,0.9047960119184048,0.2446700441515939,0.2446700441515939,0.9047960119184048,0.2446700441515939
7,erm_softclip_p99_a10_cam,2,h0_do0.0_lr0.001_wd0.0001_bs512_ep30_v11ermsoftclipfix_cam_10s,0.9172878406659298,0.9172878406659298,0.22109043339448134,0.22109043339448134,0.9172878406659298,0.22109043339448134,0.906600962640385,0.906600962640385,0.25320432301725365,0.25320432301725365,0.906600962640385,0.25320432301725365
29,erm_softclip_p99_a10_cam,2,h0_do0.0_lr0.001_wd0.0001_bs512_ep30_v11ermsoftclipfix_cam_10s,0.9155712841253791,0.9155712841253791,0.25627730187147146,0.25627730187147146,0.9155712841253791,0.25627730187147146,0.9047387118954847,0.9047387118954847,0.3054034269697906,0.3054034269697906,0.9047387118954847,0.3054034269697906
3,erm_softclip_p99_a10_cam,2,h0_do0.0_lr0.001_wd0.0001_bs512_ep30_v11ermsoftclipfix_cam_10s,0.9139487854774614,0.9139487854774614,0.22224771645018349,0.22224771645018349,0.9139487854774614,0.22224771645018349,0.9043089617235847,0.9043089617235847,0.24334160209578778,0.24334160209578778,0.9043089617235847,0.24334160209578778
11,erm_softclip_p99_a10_cam,3,h0_do0.0_lr0.001_wd0.0001_bs512_ep30_v11ermsoftclipfix_cam_10s,0.9162414466103886,0.9162414466103886,0.23008573222022913,0.23008573222022913,0.9162414466103886,0.23008573222022913,0.9078042631217053,0.9078042631217053,0.2632067198466933,0.2632067198466933,0.9078042631217053,0.2632067198466933
29,erm_softclip_p99_a10_cam,3,h0_do0.0_lr0.001_wd0.0001_bs512_ep30_v11ermsoftclipfix_cam_10s,0.9157241282009076,0.9157241282009076,0.256903735707986,0.256903735707986,0.9157241282009076,0.256903735707986,0.9050825120330048,0.9050825120330048,0.305691607293743,0.305691607293743,0.9050825120330048,0.305691607293743
2,erm_softclip_p99_a10_cam,3,h0_do0.0_lr0.001_wd0.0001_bs512_ep30_v11ermsoftclipfix_cam_10s,0.9084111270486984,0.9084111270486984,0.2309904043669802,0.2309904043669802,0.9084111270486984,0.2309904043669802,0.9014153105661242,0.9014153105661242,0.24449684804437918,0.24449684804437918,0.9014153105661242,0.24449684804437918
10,erm_softclip_p99_a10_cam,4,h0_do0.0_lr0.001_wd0.0001_bs512_ep30_v11ermsoftclipfix_cam_10s,0.9196392879817528,0.9196392879817528,0.22500024370270755,0.22500024370270755,0.9196392879817528,0.22500024370270755,0.906772862709145,0.906772862709145,0.26580019677746086,0.26580019677746086,0.906772862709145,0.26580019677746086
23,erm_softclip_p99_a10_cam,4,h0_do0.0_lr0.001_wd0.0001_bs512_ep30_v11ermsoftclipfix_cam_10s,0.9176875867096198,0.9176875867096198,0.24550509194128872,0.24550509194128872,0.9176875867096198,0.24550509194128872,0.9054263121705248,0.9054263121705248,0.2963197169989831,0.2963197169989831,0.9054263121705248,0.2963197169989831
4,erm_softclip_p99_a10_cam,4,h0_do0.0_lr0.001_wd0.0001_bs512_ep30_v11ermsoftclipfix_cam_10s,0.9151715380816893,0.9151715380816893,0.22352500286124002,0.22352500286124002,0.9151715380816893,0.22352500286124002,0.9054549621819848,0.9054549621819848,0.2465340202131125,0.2465340202131125,0.9054549621819848,0.2465340202131125
10,erm_softclip_p99_a10_cam,5,h0_do0.0_lr0.001_wd0.0001_bs512_ep30_v11ermsoftclipfix_cam_10s,0.9177816446022526,0.9177816446022526,0.22786011326968197,0.22786011326968197,0.9177816446022526,0.22786011326968197,0.9076610130644053,0.9076610130644053,0.2604797236385647,0.2604797236385647,0.9076610130644053,0.2604797236385647
28,erm_softclip_p99_a10_cam,5,h0_do0.0_lr0.001_wd0.0001_bs512_ep30_v11ermsoftclipfix_cam_10s,0.9170644531709267,0.9170644531709267,0.25432157090492613,0.25432157090492613,0.9170644531709267,0.25432157090492613,0.9053690121476049,0.9053690121476049,0.30249509727419127,0.30249509727419127,0.9053690121476049,0.30249509727419127
3,erm_softclip_p99_a10_cam,5,h0_do0.0_lr0.001_wd0.0001_bs512_ep30_v11ermsoftclipfix_cam_10s,0.9139958144237779,0.9139958144237779,0.22257930940376075,0.22257930940376075,0.9139958144237779,0.22257930940376075,0.9050825120330048,0.9050825120330048,0.24085411344255422,0.24085411344255422,0.9050825120330048,0.24085411344255422
9,erm_softclip_p99_a10_cam,6,h0_do0.0_lr0.001_wd0.0001_bs512_ep30_v11ermsoftclipfix_cam_10s,0.9167822794930279,0.9167822794930279,0.22545298480838594,0.22545298480838594,0.9167822794930279,0.22545298480838594,0.9077469630987852,0.9077469630987852,0.2557394982433653,0.2557394982433653,0.9077469630987852,0.2557394982433653
8,erm_softclip_p99_a10_cam,6,h0_do0.0_lr0.001_wd0.0001_bs512_ep30_v11ermsoftclipfix_cam_10s,0.9196628024549109,0.9196628024549109,0.22073946742293188,0.22073946742293188,0.9196628024549109,0.22073946742293188,0.9089789135915655,0.9089789135915655,0.25489917092937026,0.25489917092937026,0.9089789135915655,0.25489917092937026
4,erm_softclip_p99_a10_cam,6,h0_do0.0_lr0.001_wd0.0001_bs512_ep30_v11ermsoftclipfix_cam_10s,0.9167234933101324,0.9167234933101324,0.2195679384353792,0.2195679384353792,0.9167234933101324,0.2195679384353792,0.9067442126976851,0.9067442126976851,0.24169052218087428,0.24169052218087428,0.9067442126976851,0.24169052218087428
8,erm_softclip_p99_a10_cam,7,h0_do0.0_lr0.001_wd0.0001_bs512_ep30_v11ermsoftclipfix_cam_10s,0.9191102123356926,0.9191102123356926,0.22047841242955857,0.22047841242955857,0.9191102123356926,0.22047841242955857,0.9081480632592253,0.9081480632592253,0.25483782088577345,0.25483782088577345,0.9081480632592253,0.25483782088577345
26,erm_softclip_p99_a10_cam,7,h0_do0.0_lr0.001_wd0.0001_bs512_ep30_v11ermsoftclipfix_cam_10s,0.9179580031509394,0.9179580031509394,0.25050631130140566,0.25050631130140566,0.9179580031509394,0.25050631130140566,0.906142562457025,0.906142562457025,0.2995390793934033,0.2995390793934033,0.906142562457025,0.2995390793934033
3,erm_softclip_p99_a10_cam,7,h0_do0.0_lr0.001_wd0.0001_bs512_ep30_v11ermsoftclipfix_cam_10s,0.9145366473064171,0.9145366473064171,0.22338450683898547,0.22338450683898547,0.9145366473064171,0.22338450683898547,0.9048819619527848,0.9048819619527848,0.24611886021417784,0.24611886021417784,0.9048819619527848,0.24611886021417784
10,erm_softclip_p99_a10_cam,8,h0_do0.0_lr0.001_wd0.0001_bs512_ep30_v11ermsoftclipfix_cam_10s,0.9177581301290945,0.9177581301290945,0.22655920459005102,0.22655920459005102,0.9177581301290945,0.22655920459005102,0.9076610130644053,0.9076610130644053,0.25986478045316924,0.25986478045316924,0.9076610130644053,0.25986478045316924
27,erm_softclip_p99_a10_cam,8,h0_do0.0_lr0.001_wd0.0001_bs512_ep30_v11ermsoftclipfix_cam_10s,0.916582406471183,0.916582406471183,0.25295635161084834,0.25295635161084834,0.916582406471183,0.25295635161084834,0.9053690121476049,0.9053690121476049,0.3024906140230979,0.3024906140230979,0.9053690121476049,0.3024906140230979
4,erm_softclip_p99_a10_cam,8,h0_do0.0_lr0.001_wd0.0001_bs512_ep30_v11ermsoftclipfix_cam_10s,0.9166176781809203,0.9166176781809203,0.21891484656033242,0.21891484656033242,0.9166176781809203,0.21891484656033242,0.906600962640385,0.906600962640385,0.2418110842666843,0.2418110842666843,0.906600962640385,0.2418110842666843
11,erm_softclip_p99_a10_cam,9,h0_do0.0_lr0.001_wd0.0001_bs512_ep30_v11ermsoftclipfix_cam_10s,0.9189691254967433,0.9189691254967433,0.22844122605062453,0.22844122605062453,0.9189691254967433,0.22844122605062453,0.9067155626862251,0.9067155626862251,0.27100499933551053,0.27100499933551053,0.9067155626862251,0.27100499933551053
21,erm_softclip_p99_a10_cam,9,h0_do0.0_lr0.001_wd0.0001_bs512_ep30_v11ermsoftclipfix_cam_10s,0.9175700143438287,0.9175700143438287,0.24355744311349853,0.24355744311349853,0.9175700143438287,0.24355744311349853,0.9060852624341049,0.9060852624341049,0.2913643941322082,0.2913643941322082,0.9060852624341049,0.2913643941322082
3,erm_softclip_p99_a10_cam,9,h0_do0.0_lr0.001_wd0.0001_bs512_ep30_v11ermsoftclipfix_cam_10s,0.9133726808850847,0.9133726808850847,0.22370822227588902,0.22370822227588902,0.9133726808850847,0.22370822227588902,0.9037932615173047,0.9037932615173047,0.2437972699563142,0.2437972699563142,0.9037932615173047,0.2437972699563142
