fold,holdout_hospital,seed,level,contrast,proxy_epoch,other_epoch,delta_proxy_metric,delta_val_overall_loss,delta_loss,delta_acc,delta_brier,delta_ece
camelyon17_loo_h0,0,0,P95,same trajectory: proxy - val-loss,10,2,-0.052126476308330894,0.029558708407006196,0.006103461960073497,0.008722508189050071,-0.005073684368739,0.0103028918972983
camelyon17_loo_h0,0,1,P95,same trajectory: proxy - val-loss,12,4,-0.10234576165990023,0.027976817205301596,0.015523513620664925,0.0029761347683667783,-0.0006872138168247041,-0.0012177403777305987
camelyon17_loo_h0,0,2,P95,same trajectory: proxy - val-loss,4,18,-0.042993645743582,0.0122625641220023,-0.0007587265174822944,-0.0008797379503978631,0.0007367614792911995,-0.0006924625249931995
camelyon17_loo_h0,0,3,P95,same trajectory: proxy - val-loss,6,30,-0.1674880392689858,0.03737186160354769,0.013770526629692803,0.00026204960224640583,0.0007834652583982998,0.0010131703781387988
camelyon17_loo_h0,0,4,P95,same trajectory: proxy - val-loss,26,16,-0.04140124756534136,0.009243321668976512,0.009161866456401824,0.0005615348619559812,0.0001341729419307991,0.0048307342923379
camelyon17_loo_h0,0,5,P95,same trajectory: proxy - val-loss,27,25,-0.035301799293472436,0.036638003649321405,0.025259443880492005,-0.012335049134300391,0.008393690474130501,-0.005890151410712901
camelyon17_loo_h0,0,6,P95,same trajectory: proxy - val-loss,22,22,0.0,0.0,0.0,0.0,0.0,0.0
camelyon17_loo_h0,0,7,P95,same trajectory: proxy - val-loss,2,4,-0.04929261626728043,0.044384639833187994,0.03529978291444669,-0.01877398221806259,0.0130032467751299,-0.011328874603298301
camelyon17_loo_h0,0,8,P95,same trajectory: proxy - val-loss,1,10,-0.031509572826849075,0.013922078527870724,0.017462338272479616,-0.01068788020589595,0.0072259395885865,0.013185951107992602
camelyon17_loo_h0,0,9,P95,same trajectory: proxy - val-loss,1,4,-0.003367320353458325,0.008216249325076419,0.0090780605656815,-0.00612072999532054,0.004091761089065303,0.0102588186164188
camelyon17_loo_h1,1,0,P95,same trajectory: proxy - val-loss,14,14,0.0,0.0,0.0,0.0,0.0,0.0
camelyon17_loo_h1,1,1,P95,same trajectory: proxy - val-loss,29,4,-0.03118631434760899,0.05030682466401798,0.06361285648048076,-0.011316754526701889,0.011501614595081505,0.029819126853260998
camelyon17_loo_h1,1,2,P95,same trajectory: proxy - val-loss,30,30,0.0,0.0,0.0,0.0,0.0,0.0
camelyon17_loo_h1,1,3,P95,same trajectory: proxy - val-loss,14,6,-0.016684495571186453,0.011345315940238077,0.013443467126541375,0.0020055008022001886,-0.00023046351700850565,0.0065690527333666995
camelyon17_loo_h1,1,4,P95,same trajectory: proxy - val-loss,6,6,0.0,0.0,0.0,0.0,0.0,0.0
camelyon17_loo_h1,1,5,P95,same trajectory: proxy - val-loss,12,26,-0.13513321914677368,0.021305050790443703,0.03414501626482702,-0.007878753151501217,0.006688210141433698,0.0202662608969875
camelyon17_loo_h1,1,6,P95,same trajectory: proxy - val-loss,4,17,-0.021831146151813363,0.01599019281668379,0.004339832809229283,-0.005529452211780916,0.002657505185290801,0.001055787423263399
camelyon17_loo_h1,1,7,P95,same trajectory: proxy - val-loss,7,17,-0.06629095507055283,0.007282506024818669,0.003032532817914435,-0.0004584001833600748,0.001649321631224901,0.011807187104538798
camelyon17_loo_h1,1,8,P95,same trajectory: proxy - val-loss,10,10,0.0,0.0,0.0,0.0,0.0,0.0
camelyon17_loo_h1,1,9,P95,same trajectory: proxy - val-loss,7,20,-0.022121974471929207,0.028401500872484498,0.05044913563822723,-0.013952555581022263,0.01116135377638601,-0.008662958847270905
camelyon17_loo_h2,2,0,P95,same trajectory: proxy - val-loss,14,4,-0.061400600329536204,0.015351235637365096,0.016422374173087506,0.0010228795823832293,0.0004174491243658929,0.010978676989217
camelyon17_loo_h2,2,1,P95,same trajectory: proxy - val-loss,20,12,-0.09328891823423624,0.0938896428644102,0.08157602436627118,-0.026688927034589804,0.019674170697163394,0.0355912376523662
camelyon17_loo_h2,2,2,P95,same trajectory: proxy - val-loss,16,14,-0.0564724876495748,0.0008910126351157066,-0.000610916901800207,0.005925647235873854,-0.003585048968898101,0.006873594435140899
camelyon17_loo_h2,2,3,P95,same trajectory: proxy - val-loss,3,13,-0.062036482921548064,0.0034339827443954918,0.005898671007323497,0.0018106144331837548,-0.0004719257294819035,0.0018823281617183982
camelyon17_loo_h2,2,4,P95,same trajectory: proxy - val-loss,10,6,-0.0769197500235097,0.007538619325752921,0.006722739327941707,0.0047734380511205154,-0.002262371795585,0.0159020350678713
camelyon17_loo_h2,2,5,P95,same trajectory: proxy - val-loss,1,6,-0.03916372107718313,0.0022188583292752084,0.0032508865901769157,-0.004291391351376794,0.0024975766851527,-0.007049440800079399
camelyon17_loo_h2,2,6,P95,same trajectory: proxy - val-loss,12,12,0.0,0.0,0.0,0.0,0.0,0.0
camelyon17_loo_h2,2,7,P95,same trajectory: proxy - val-loss,30,1,-0.028367506207130133,0.06054089073302821,0.05543392417299778,-0.010064194511722024,0.009651501234751794,0.0371822771847137
camelyon17_loo_h2,2,8,P95,same trajectory: proxy - val-loss,8,1,-0.004074569794910721,0.005707660614552412,0.008964868684010696,-0.005737531450607847,0.003591713051464787,0.012458609251123598
camelyon17_loo_h2,2,9,P95,same trajectory: proxy - val-loss,1,1,0.0,0.0,0.0,0.0,0.0,0.0
camelyon17_loo_h3,3,0,P95,same trajectory: proxy - val-loss,4,18,-0.012371590189409698,0.0322709362152713,0.0250671674151208,-0.00548055301430439,0.004551660211690199,0.0031594295934891
camelyon17_loo_h3,3,1,P95,same trajectory: proxy - val-loss,6,29,-0.0033660753621185258,0.0658257942046662,0.059681459493206995,-0.007412854077069819,0.007949008421881003,0.0023699557134045993
camelyon17_loo_h3,3,2,P95,same trajectory: proxy - val-loss,4,17,-0.1245378692868826,0.021049312154696603,0.01861639205273749,0.003163501739925967,-0.0013729886460590937,0.015143002349166499
camelyon17_loo_h3,3,3,P95,same trajectory: proxy - val-loss,26,8,-0.010346661489115005,0.0648670089654241,0.06958433214683218,-0.0057969031882966204,0.005684557908562801,0.007060388124262601
camelyon17_loo_h3,3,4,P95,same trajectory: proxy - val-loss,8,14,-0.04315261316845809,0.031104618338619494,0.024758440978169594,0.0019494010721704536,0.0005137321109272008,-0.004021415281271701
camelyon17_loo_h3,3,5,P95,same trajectory: proxy - val-loss,23,20,-0.02824953441552347,0.10432869951739099,0.09801370511352389,0.00220590121324582,0.0025147654202717987,-0.0011840016979082005
camelyon17_loo_h3,3,6,P95,same trajectory: proxy - val-loss,6,24,-0.17598368679303,0.0028936564208958127,-0.004044465025603988,-0.0013509007429954867,0.0007121853679121007,0.006118427280003901
camelyon17_loo_h3,3,7,P95,same trajectory: proxy - val-loss,4,19,-0.14786314826329827,0.030461784901920086,0.03242521288133371,0.0054976530237091925,-0.002871350675940798,0.013376042945021902
camelyon17_loo_h3,3,8,P95,same trajectory: proxy - val-loss,4,25,-0.10234080737764006,0.030029478922393715,0.02876886194724071,-0.00042750023512516666,0.0012866704745806978,0.015027207113849798
camelyon17_loo_h3,3,9,P95,same trajectory: proxy - val-loss,20,18,-0.05879110398234144,0.07941848619778971,0.0803722137986087,0.0006327003479852378,0.0035491596504029985,0.0160911812567529
camelyon17_loo_h4,4,0,P95,same trajectory: proxy - val-loss,1,11,-0.06375886702635669,0.040913237352026705,0.04452104313184099,-0.02146124254081727,0.015637706928872203,0.004092691311777899
camelyon17_loo_h4,4,1,P95,same trajectory: proxy - val-loss,7,17,-0.023843664478044924,0.009196590487535378,0.0052080915076291034,-0.004558810165692151,0.0024322529224342984,-0.006241378466741899
camelyon17_loo_h4,4,2,P95,same trajectory: proxy - val-loss,12,12,0.0,0.0,0.0,0.0,0.0,0.0
camelyon17_loo_h4,4,3,P95,same trajectory: proxy - val-loss,18,3,-0.013511106988647992,0.0151584289469201,0.02335704647488232,-0.010109653772756189,0.0073820391851224035,0.007139337315457399
camelyon17_loo_h4,4,4,P95,same trajectory: proxy - val-loss,9,9,0.0,0.0,0.0,0.0,0.0,0.0
camelyon17_loo_h4,4,5,P95,same trajectory: proxy - val-loss,9,9,0.0,0.0,0.0,0.0,0.0,0.0
camelyon17_loo_h4,4,6,P95,same trajectory: proxy - val-loss,7,13,-0.03143441155261828,0.007183638522808206,0.004949485998792691,-0.003892406021870465,0.002164762604106703,-0.0055388431100594
camelyon17_loo_h4,4,7,P95,same trajectory: proxy - val-loss,16,14,-0.014153313259577527,0.0015042851619899988,0.0011504553412108043,-0.0010374700875411813,0.0004925329163866995,0.0032199125178863
camelyon17_loo_h4,4,8,P95,same trajectory: proxy - val-loss,27,7,-0.009830312362922089,0.00038446272628370193,0.002676790113021993,0.0005906764002059361,-0.0002790419796740995,0.0089794056181812
camelyon17_loo_h4,4,9,P95,same trajectory: proxy - val-loss,19,11,-0.037584600792466005,0.0021939591214396037,0.0016007680537619973,0.00268833489837339,-0.0010196271266559032,0.0065085727493848
camelyon17_loo_h0,0,0,P97,same trajectory: proxy - val-loss,12,22,-0.022744926140024657,0.002845470466297295,-0.00316817160992669,-1.871782873186234e-05,7.305955454089963e-05,-0.0054312403743903
camelyon17_loo_h0,0,1,P97,same trajectory: proxy - val-loss,1,26,-0.0018160994177620626,0.02398991520691829,0.010215186679032706,-0.008909686476368806,0.006001752495533794,-0.0034916800950561995
camelyon17_loo_h0,0,2,P97,same trajectory: proxy - val-loss,30,26,-0.15036115531479777,0.01483110870163501,0.016017639056577215,0.0019279363593823762,-7.099251327459533e-05,0.013877528910298198
camelyon17_loo_h0,0,3,P97,same trajectory: proxy - val-loss,8,26,-0.10210957173591972,0.0011873468561316158,-0.013195085170239318,9.358914365920068e-05,-0.0010977258141408042,-0.018916172304193096
camelyon17_loo_h0,0,4,P97,same trajectory: proxy - val-loss,8,10,-0.00585380145391845,0.004632092661598697,0.0058898975722525004,-0.0013476836686944216,0.0015119926862006,9.155471058830064e-05
camelyon17_loo_h0,0,5,P97,same trajectory: proxy - val-loss,7,29,-0.009650840387238735,0.017348802662021295,0.009125031898660707,-0.005278427702386623,0.0039506515561358035,-0.0080314827875289
camelyon17_loo_h0,0,6,P97,same trajectory: proxy - val-loss,29,4,-0.1455196433683319,0.029443258706621817,0.025711094248696303,0.0025643425362655847,-9.171461502560652e-05,0.0130264790289191
camelyon17_loo_h0,0,7,P97,same trajectory: proxy - val-loss,12,16,-0.014654709340925831,0.016633645215709203,0.016821749740851683,-0.0023210107627515963,0.002734558306963099,0.006389049090621199
camelyon17_loo_h0,0,8,P97,same trajectory: proxy - val-loss,9,21,-0.045941663580880365,0.00409452932873558,0.0012289257707980006,-0.002077678989237386,0.0016254155474638987,0.0004561805585102975
camelyon17_loo_h0,0,9,P97,same trajectory: proxy - val-loss,18,11,-0.13957316654412122,0.01490537129818309,0.013505018948333086,-0.0032756200280767978,0.0031390039094784036,-0.007450136658424901
camelyon17_loo_h1,1,0,P97,same trajectory: proxy - val-loss,23,8,-0.00543339587701297,0.016228996678028185,0.04027049131163943,-0.006045152418061028,0.0064037997215311004,0.0352523258303881
camelyon17_loo_h1,1,1,P97,same trajectory: proxy - val-loss,4,4,0.0,0.0,0.0,0.0,0.0,0.0
camelyon17_loo_h1,1,2,P97,same trajectory: proxy - val-loss,6,11,-0.03421251496365718,0.03556030445628272,0.035393071469864285,-0.006446252578501066,0.008167161514218702,-0.0046765336304890985
camelyon17_loo_h1,1,3,P97,same trajectory: proxy - val-loss,23,18,-0.056242548735502385,0.01043911272473369,-0.00021520410394890166,0.004383451753380618,-0.0016837400458651064,-0.0080344271606444
camelyon17_loo_h1,1,4,P97,same trajectory: proxy - val-loss,13,13,0.0,0.0,0.0,0.0,0.0,0.0
camelyon17_loo_h1,1,5,P97,same trajectory: proxy - val-loss,6,8,-0.06761885599611384,0.0057984542036689235,-0.00022121498211941093,0.0,-0.000768753536205688,0.007491939675143
camelyon17_loo_h1,1,6,P97,same trajectory: proxy - val-loss,6,6,0.0,0.0,0.0,0.0,0.0,0.0
camelyon17_loo_h1,1,7,P97,same trajectory: proxy - val-loss,18,8,-0.01969964503468402,0.06501252741052888,0.08380845309923429,-0.02108640843456322,0.018210229334377603,0.030268767631025907
camelyon17_loo_h1,1,8,P97,same trajectory: proxy - val-loss,29,29,0.0,0.0,0.0,0.0,0.0,0.0
camelyon17_loo_h1,1,9,P97,same trajectory: proxy - val-loss,15,8,-0.011222707660186071,0.01646762136631308,0.030811742422253013,-0.00254985101994043,0.0037173745661694957,0.0239130834185639
camelyon17_loo_h2,2,0,P97,same trajectory: proxy - val-loss,23,4,-0.04035894749113156,0.04579272344576141,0.040517504640247615,-0.00918240176828844,0.007554810821224396,0.025416918804609397
camelyon17_loo_h2,2,1,P97,same trajectory: proxy - val-loss,26,26,0.0,0.0,0.0,0.0,0.0,0.0
camelyon17_loo_h2,2,2,P97,same trajectory: proxy - val-loss,26,26,0.0,0.0,0.0,0.0,0.0,0.0
camelyon17_loo_h2,2,3,P97,same trajectory: proxy - val-loss,3,12,-0.0371246926996881,0.01609596903496399,0.012176464385963398,0.001469654572389456,0.0009109087966032992,1.0319374948900006e-05
camelyon17_loo_h2,2,4,P97,same trajectory: proxy - val-loss,7,5,-0.07145941197001171,0.017043748257103003,0.018020201445565598,-0.00011757236579124086,0.0014961749105749933,0.011404939569003701
camelyon17_loo_h2,2,5,P97,same trajectory: proxy - val-loss,5,5,0.0,0.0,0.0,0.0,0.0,0.0
camelyon17_loo_h2,2,6,P97,same trajectory: proxy - val-loss,19,18,-0.10242784843038388,0.009062486932055608,0.007487215742491893,0.005878618289557158,-0.0024485222506811094,0.0100820410995777
camelyon17_loo_h2,2,7,P97,same trajectory: proxy - val-loss,3,12,-0.08127756337944736,0.0013420880597667106,-0.003712510786531592,0.00803019258353499,-0.004303867678269506,-0.003661679244672301
camelyon17_loo_h2,2,8,P97,same trajectory: proxy - val-loss,1,8,-0.04712829725793277,0.018893886574692598,0.017905218017598895,-0.006066734074823055,0.0048812028217858905,-0.0008468703726507987
camelyon17_loo_h2,2,9,P97,same trajectory: proxy - val-loss,22,1,-0.005011885342720901,0.013318364579216091,0.011302558796877499,0.0038328591247913657,-0.0014659986099386998,0.010609738386107601
camelyon17_loo_h3,3,0,P97,same trajectory: proxy - val-loss,9,21,-0.03796596977500177,0.0009453493532030066,-0.0008993712660630981,0.0007695004232252112,-0.0008142601682643025,-0.0037542682890415995
camelyon17_loo_h3,3,1,P97,same trajectory: proxy - val-loss,10,10,0.0,0.0,0.0,0.0,0.0,0.0
camelyon17_loo_h3,3,2,P97,same trajectory: proxy - val-loss,10,10,0.0,0.0,0.0,0.0,0.0,0.0
camelyon17_loo_h3,3,3,P97,same trajectory: proxy - val-loss,14,14,0.0,0.0,0.0,0.0,0.0,0.0
camelyon17_loo_h3,3,4,P97,same trajectory: proxy - val-loss,2,12,-0.043470989232164525,0.03867953216309039,0.03935687373827371,-0.0021033011568155624,0.006257824936616203,0.007166764541945703
camelyon17_loo_h3,3,5,P97,same trajectory: proxy - val-loss,12,10,-0.015870591463860717,0.0055712953812079025,0.007716720266761207,0.0006070503338778677,-0.00011378120481519982,0.0005063960180810012
camelyon17_loo_h3,3,6,P97,same trajectory: proxy - val-loss,19,19,0.0,0.0,0.0,0.0,0.0,0.0
camelyon17_loo_h3,3,7,P97,same trajectory: proxy - val-loss,2,7,-0.0281137357114859,0.059318107004358994,0.058031935954814096,-0.0020691011380056246,0.0078656384921659,0.0246301039167361
camelyon17_loo_h3,3,8,P97,same trajectory: proxy - val-loss,11,13,-0.024596339546971824,0.0014410209940469154,0.0003841138758794993,0.0009063004984651846,-0.0010694220893503956,-0.004023738794511499
camelyon17_loo_h3,3,9,P97,same trajectory: proxy - val-loss,9,9,0.0,0.0,0.0,0.0,0.0,0.0
camelyon17_loo_h4,4,0,P97,same trajectory: proxy - val-loss,1,19,-0.04436822771026816,0.03844438760973029,0.037122830575811505,-0.018386696150001658,0.013529304031443791,0.0198952651577559
camelyon17_loo_h4,4,1,P97,same trajectory: proxy - val-loss,7,16,-0.04295272180150933,0.009934049257136895,0.007407417608489092,0.0042407536425044245,-0.00039402575745450114,0.031004460327991003
camelyon17_loo_h4,4,2,P97,same trajectory: proxy - val-loss,24,3,-0.03453975876735127,0.006526729582224111,0.012659789203840116,-0.003930269893678395,0.0033321066081091963,-0.0107266488145921
camelyon17_loo_h4,4,3,P97,same trajectory: proxy - val-loss,5,5,0.0,0.0,0.0,0.0,0.0,0.0
camelyon17_loo_h4,4,4,P97,same trajectory: proxy - val-loss,9,11,-0.03315987686956423,0.003727647478462409,-0.0004109113454338065,-0.0007724229848845576,-5.6503199823976225e-06,0.0037464375244623998
camelyon17_loo_h4,4,5,P97,same trajectory: proxy - val-loss,11,11,0.0,0.0,0.0,0.0,0.0,0.0
camelyon17_loo_h4,4,6,P97,same trajectory: proxy - val-loss,3,3,0.0,0.0,0.0,0.0,0.0,0.0
camelyon17_loo_h4,4,7,P97,same trajectory: proxy - val-loss,10,10,0.0,0.0,0.0,0.0,0.0,0.0
camelyon17_loo_h4,4,8,P97,same trajectory: proxy - val-loss,26,20,-0.025745064570025677,0.0098604688959949,0.009904847900318009,-0.002468724441886616,0.0021062790057927994,0.0051005563766181004
camelyon17_loo_h4,4,9,P97,same trajectory: proxy - val-loss,8,8,0.0,0.0,0.0,0.0,0.0,0.0
camelyon17_loo_h0,0,0,P99,same trajectory: proxy - val-loss,4,29,-0.05600688671693199,0.0422184038717589,0.0288225298835538,-0.0005615348619559812,0.0070027227043990975,0.0395047338822947
camelyon17_loo_h0,0,1,P99,same trajectory: proxy - val-loss,26,28,-0.05147802010210456,0.011154604638681204,0.007828457103166903,-0.00164716892840433,0.0018033510023102994,-0.002353814205096401
camelyon17_loo_h0,0,2,P99,same trajectory: proxy - val-loss,24,19,-0.1115451932905025,0.023884853215000112,0.009387140857978177,-0.00037435657463735783,0.0012221637702511945,-0.0056374155731612995
camelyon17_loo_h0,0,3,P99,same trajectory: proxy - val-loss,22,22,0.0,0.0,0.0,0.0,0.0,0.0
camelyon17_loo_h0,0,4,P99,same trajectory: proxy - val-loss,11,10,-0.02977503679364113,0.0162651241860651,0.01945455017575129,-0.008890968647636832,0.006292002333390501,-0.0020392267274217005
camelyon17_loo_h0,0,5,P99,same trajectory: proxy - val-loss,29,29,0.0,0.0,0.0,0.0,0.0,0.0
camelyon17_loo_h0,0,6,P99,same trajectory: proxy - val-loss,23,27,-0.019923339878234136,0.005095090999877316,0.005013599517376288,-0.0028638277959757152,0.0023247557401265967,-0.0021583181781125995
camelyon17_loo_h0,0,7,P99,same trajectory: proxy - val-loss,19,13,-0.031109736118578257,0.050153284202904214,0.0363063060630168,-0.005559195133364558,0.006440503193977799,0.010993762282009899
camelyon17_loo_h0,0,8,P99,same trajectory: proxy - val-loss,6,20,-0.05696456071770939,0.05498338581173942,0.0373783164467473,-0.008086102012166418,0.008450179518333503,0.0083993438449237
camelyon17_loo_h0,0,9,P99,same trajectory: proxy - val-loss,23,25,-0.03292649071759279,0.0004341995098917917,0.0014349540086032175,-0.00026204960224596174,0.00033968725619350215,0.0019283749274350004
camelyon17_loo_h1,1,0,P99,same trajectory: proxy - val-loss,2,19,-0.07057656941009915,0.027097747045149112,-0.0038907914190475235,-0.004211551684620729,0.002570664833265804,-0.0131386808138702
camelyon17_loo_h1,1,1,P99,same trajectory: proxy - val-loss,2,21,-0.06782740540776655,0.02379632663352041,0.023408513250762902,-0.0075636030254412345,0.007029029948678697,0.022319375062818
camelyon17_loo_h1,1,2,P99,same trajectory: proxy - val-loss,3,12,-0.05385961690861141,0.006698001128319697,0.006289183792255015,-0.0041829016731608215,0.0019116018216701058,0.0009618041103769993
camelyon17_loo_h1,1,3,P99,same trajectory: proxy - val-loss,3,30,-0.04070538447247907,0.016976207956020783,0.013753225592897406,-0.0028363511345403936,0.0037181078942220003,0.0227828194696922
camelyon17_loo_h1,1,4,P99,same trajectory: proxy - val-loss,3,3,0.0,0.0,0.0,0.0,0.0,0.0
camelyon17_loo_h1,1,5,P99,same trajectory: proxy - val-loss,3,3,0.0,0.0,0.0,0.0,0.0,0.0
camelyon17_loo_h1,1,6,P99,same trajectory: proxy - val-loss,28,28,0.0,0.0,0.0,0.0,0.0,0.0
camelyon17_loo_h1,1,7,P99,same trajectory: proxy - val-loss,3,21,-0.014624111367045223,0.020499245949156114,0.017268539369665215,-0.0035526014210404133,0.004380297257676205,0.0294005181006959
camelyon17_loo_h1,1,8,P99,same trajectory: proxy - val-loss,27,24,-0.013559692286383873,0.010279753811062914,0.008728899965973286,-0.0032947513179005794,0.0035656983721910895,-0.0129969696519657
camelyon17_loo_h1,1,9,P99,same trajectory: proxy - val-loss,2,29,-0.04485919483177525,0.014340648128241373,-0.010829339051939113,0.0012033004813202242,0.0006535336314953955,0.002246368579187197
camelyon17_loo_h2,2,0,P99,same trajectory: proxy - val-loss,9,7,-0.03696195202117625,0.007083814296733215,0.008758581631748003,-0.002610106520563371,0.0026722198073321005,0.012198744480693
camelyon17_loo_h2,2,1,P99,same trajectory: proxy - val-loss,16,16,0.0,0.0,0.0,0.0,0.0,0.0
camelyon17_loo_h2,2,2,P99,same trajectory: proxy - val-loss,27,27,0.0,0.0,0.0,0.0,0.0,0.0
camelyon17_loo_h2,2,3,P99,same trajectory: proxy - val-loss,5,5,0.0,0.0,0.0,0.0,0.0,0.0
camelyon17_loo_h2,2,4,P99,same trajectory: proxy - val-loss,1,1,0.0,0.0,0.0,0.0,0.0,0.0
camelyon17_loo_h2,2,5,P99,same trajectory: proxy - val-loss,22,16,-0.026854589522995354,0.002196550325068103,0.002671520570024899,-0.0007994920873796163,0.0006520416758796985,0.0003221587654848
camelyon17_loo_h2,2,6,P99,same trajectory: proxy - val-loss,3,3,0.0,0.0,0.0,0.0,0.0,0.0
camelyon17_loo_h2,2,7,P99,same trajectory: proxy - val-loss,6,28,-0.016784269159490384,0.02197607121332512,0.025257435168076603,-0.002339690079243839,0.006455839920705704,0.0410511577285216
camelyon17_loo_h2,2,8,P99,same trajectory: proxy - val-loss,11,24,-0.03589131660533673,0.0008531789539646117,0.0017338740841517097,0.0007994920873799494,0.0007781693820230959,0.015653553897785
camelyon17_loo_h2,2,9,P99,same trajectory: proxy - val-loss,15,15,0.0,0.0,0.0,0.0,0.0,0.0
camelyon17_loo_h3,3,0,P99,same trajectory: proxy - val-loss,15,12,-0.024833423514454278,0.0053442730470592,0.00891175584366699,-0.003360151848083359,0.003849207253402001,0.021042930772316996
camelyon17_loo_h3,3,1,P99,same trajectory: proxy - val-loss,22,22,0.0,0.0,0.0,0.0,0.0,0.0
camelyon17_loo_h3,3,2,P99,same trajectory: proxy - val-loss,25,25,0.0,0.0,0.0,0.0,0.0,0.0
camelyon17_loo_h3,3,3,P99,same trajectory: proxy - val-loss,28,24,-0.06605527876570016,0.029391218061143087,0.02744984979989909,0.002659051462478468,-0.00033792635141240146,0.003977879710105698
camelyon17_loo_h3,3,4,P99,same trajectory: proxy - val-loss,7,18,-0.019444900538240217,0.032420179722940395,0.02886361109339458,-0.010935456014500855,0.012678234632060699,0.0376795128931533
camelyon17_loo_h3,3,5,P99,same trajectory: proxy - val-loss,23,23,0.0,0.0,0.0,0.0,0.0,0.0
camelyon17_loo_h3,3,6,P99,same trajectory: proxy - val-loss,3,29,-0.08403500615437698,0.03938749073185091,0.027896739090550293,-0.0009747005360853933,0.0048502917489866015,0.027604590732523
camelyon17_loo_h3,3,7,P99,same trajectory: proxy - val-loss,8,8,0.0,0.0,0.0,0.0,0.0,0.0
camelyon17_loo_h3,3,8,P99,same trajectory: proxy - val-loss,3,7,-0.11887326211837201,0.0028517510246775235,0.0018151004569965934,0.008857804871792774,-0.003554306472756001,0.024343068662061103
camelyon17_loo_h3,3,9,P99,same trajectory: proxy - val-loss,28,28,0.0,0.0,0.0,0.0,0.0,0.0
camelyon17_loo_h4,4,0,P99,same trajectory: proxy - val-loss,23,23,0.0,0.0,0.0,0.0,0.0,0.0
camelyon17_loo_h4,4,1,P99,same trajectory: proxy - val-loss,5,16,-0.17103529470032608,0.009943292356653893,0.003487087238319392,0.009488686275103575,-0.003265577042240904,0.032927027319076305
camelyon17_loo_h4,4,2,P99,same trajectory: proxy - val-loss,11,11,0.0,0.0,0.0,0.0,0.0,0.0
camelyon17_loo_h4,4,3,P99,same trajectory: proxy - val-loss,10,27,-0.03208820543612445,0.017438643370544016,0.016447329118068288,-0.009624996213613013,0.006474765092234602,0.018849397261227897
camelyon17_loo_h4,4,4,P99,same trajectory: proxy - val-loss,27,29,-0.047742132272105664,0.012564328148014697,0.01173689912585238,-0.003460757883258392,0.0029712797265549,-0.001210298910647
camelyon17_loo_h4,4,5,P99,same trajectory: proxy - val-loss,27,27,0.0,0.0,0.0,0.0,0.0,0.0
camelyon17_loo_h4,4,6,P99,same trajectory: proxy - val-loss,21,30,-0.050429654540494084,0.0033712555478010997,0.00440467300625641,-0.0026428982522036515,0.001410913185985102,-0.0086900750029078
camelyon17_loo_h4,4,7,P99,same trajectory: proxy - val-loss,26,28,-0.014002219005663674,0.010847805361907298,0.007851977984909914,-0.0025595977342259824,0.0018288338567359966,0.008401708447072099
camelyon17_loo_h4,4,8,P99,same trajectory: proxy - val-loss,15,15,0.0,0.0,0.0,0.0,0.0,0.0
camelyon17_loo_h4,4,9,P99,same trajectory: proxy - val-loss,17,17,0.0,0.0,0.0,0.0,0.0,0.0
camelyon17_loo_h0,0,0,P95,workflow: proxy - baseline,10,30,-0.18421053275089372,0.060962358158391294,0.04019090821106239,-0.009246607393542328,0.006176114711620002,-0.0012494183373040028
camelyon17_loo_h0,0,1,P95,workflow: proxy - baseline,12,18,-0.2581206539033643,0.036837630326358506,0.020975534290531422,0.0024894712213382464,-0.0015403914707335029,0.0024682966948889017
camelyon17_loo_h0,0,2,P95,workflow: proxy - baseline,4,6,-0.1774604958330368,-0.010926528163304805,-0.013793186526971285,0.011530182498829977,-0.009549909234787698,-0.011569023548183802
camelyon17_loo_h0,0,3,P95,workflow: proxy - baseline,6,24,-0.1602714433664406,0.05624239402145639,0.03672408116086959,-0.0043238184370612,0.004493047525770802,0.0015347886619992007
camelyon17_loo_h0,0,4,P95,workflow: proxy - baseline,26,26,-0.14400380745980224,0.020261852966574206,0.015430076850597801,0.0019466541881143495,-0.0017869488510194043,-0.002714819563521799
camelyon17_loo_h0,0,5,P95,workflow: proxy - baseline,27,26,-0.1950352714943786,0.046070420381781996,0.03461207809561309,-0.009602246139447823,0.005396291161562303,-0.009432016456443398
camelyon17_loo_h0,0,6,P95,workflow: proxy - baseline,22,28,-0.19015737385030096,0.003977376989031722,0.0063976289018120025,0.0031633130556854017,-0.0029086037613626006,-0.0015565178428543006
camelyon17_loo_h0,0,7,P95,workflow: proxy - baseline,2,30,-0.16477903014394402,0.06698043607509419,0.05438112860150979,-0.024277023865231784,0.0167629536605818,-0.0051094337230879
camelyon17_loo_h0,0,8,P95,workflow: proxy - baseline,1,24,-0.08365321581597374,0.025800362517432424,0.01897315219367779,-0.009265325222273968,0.005001390331508197,-0.002177355489355201
camelyon17_loo_h0,0,9,P95,workflow: proxy - baseline,1,30,-0.1118624823016201,0.02895130077884142,0.020716250726406482,-0.009302760879737915,0.005776716220642603,0.006120569380679699
camelyon17_loo_h1,1,0,P95,workflow: proxy - baseline,14,2,-0.24406224861061598,-0.05943069797255002,-0.05718563410397609,0.027962411184964453,-0.022440026711677302,-0.0215672206173017
camelyon17_loo_h1,1,1,P95,workflow: proxy - baseline,29,2,-0.14126763877265536,0.0329695796157648,0.04237351023516567,-0.00948315379326159,0.004001063131587296,-0.003296649264939902
camelyon17_loo_h1,1,2,P95,workflow: proxy - baseline,30,27,-0.16614087107989306,0.03525387363166513,0.024425663419711863,0.007133852853541067,-0.0017193005066818007,0.0316804746359292
camelyon17_loo_h1,1,3,P95,workflow: proxy - baseline,14,2,-0.10615918569591498,0.03030634579670899,0.017891923377011287,-0.0012033004813204462,-0.002481473825536401,-0.006917646951899899
camelyon17_loo_h1,1,4,P95,workflow: proxy - baseline,6,2,-0.13394869921971198,-0.03316457714674462,-0.036033920619698234,0.0002292000916800374,-0.009949694102023995,-0.057209159137914495
camelyon17_loo_h1,1,5,P95,workflow: proxy - baseline,12,3,-0.18421117457393243,0.051760696789095784,0.06278712849319171,-0.009683703873481608,0.010419465167623196,0.023902313657306003
camelyon17_loo_h1,1,6,P95,workflow: proxy - baseline,4,3,-0.18818755159469602,0.019377882814493597,0.008345825670269202,0.0018336007334402993,7.047831754579403e-05,0.0027892030909486
camelyon17_loo_h1,1,7,P95,workflow: proxy - baseline,7,2,-0.11172605258693435,0.03105539482304759,0.03736348010032453,-0.019625257850103273,0.009866096158328896,-0.0090102532727626
camelyon17_loo_h1,1,8,P95,workflow: proxy - baseline,10,29,-0.17259958847113488,0.026639362430823932,0.013857201580181916,0.0064749025899609736,-0.0013962028951595012,0.025796015475712798
camelyon17_loo_h1,1,9,P95,workflow: proxy - baseline,7,3,-0.1638765083329803,0.09889057494551962,0.12028251839876575,-0.025183360073343986,0.023833416175528505,0.027327131815217797
camelyon17_loo_h2,2,0,P95,workflow: proxy - baseline,14,5,-0.10644474609159771,0.03145626769488999,0.027069531984416223,-0.01359136548545603,0.006597544206481093,-0.014506141749304102
camelyon17_loo_h2,2,1,P95,workflow: proxy - baseline,20,2,-0.1893041068852821,0.0646719466007119,0.05602571838389328,-0.025395631010887154,0.013108637486058297,-0.019336138743854002
camelyon17_loo_h2,2,2,P95,workflow: proxy - baseline,16,11,-0.10853570490132158,0.02528396988334161,0.01925989482006671,-0.004503021609800761,0.0023860954731343004,-0.0045412114573825
camelyon17_loo_h2,2,3,P95,workflow: proxy - baseline,3,5,-0.10785153322149632,0.041320402929994005,0.03282206235254939,-0.015319679262586039,0.0085093936281678,-0.023455792446401297
camelyon17_loo_h2,2,4,P95,workflow: proxy - baseline,10,7,-0.04866719352676152,0.04284990585744772,0.038542527297969004,-0.014555458884943695,0.009582692707617697,-0.009095737929259398
camelyon17_loo_h2,2,5,P95,workflow: proxy - baseline,1,9,-0.09838427098051583,0.031320193271555996,0.0277352603591991,-0.01651891739365563,0.009726945524391697,-0.0253595594848999
camelyon17_loo_h2,2,6,P95,workflow: proxy - baseline,12,3,-0.1582658752427616,-0.003268905686861806,-0.008657139852697504,0.005631716321395586,-0.0063035425447435026,-0.021853683289905
camelyon17_loo_h2,2,7,P95,workflow: proxy - baseline,30,8,-0.1603667244324909,0.0827173269580028,0.07377743639648057,-0.021503985703200446,0.015465249741163103,0.0047509518713117
camelyon17_loo_h2,2,8,P95,workflow: proxy - baseline,8,5,-0.08487230983571026,0.05264727627938509,0.04855812331502271,-0.029381334211207033,0.01728536407128199,-0.0183999039485086
camelyon17_loo_h2,2,9,P95,workflow: proxy - baseline,1,3,-0.10724322158621347,0.005592945421236006,-0.0014971141736460913,-0.00718367154983901,0.0006606908038884057,-0.0501132529012056
camelyon17_loo_h3,3,0,P95,workflow: proxy - baseline,4,2,-0.2107783843824127,-0.006440820816815296,0.003966909255025491,-0.0015048008276405955,-0.0093093884792914,-0.0464957215199631
camelyon17_loo_h3,3,1,P95,workflow: proxy - baseline,6,4,-0.15387079861232267,0.005137658558179686,0.01316585586798752,0.006506553578604413,-0.015229574766521495,-0.051512027147770895
camelyon17_loo_h3,3,2,P95,workflow: proxy - baseline,4,2,-0.17937304667270249,0.0003180641836907916,0.009743900048875487,-0.00442890243589622,-0.005448962219813697,-0.0359355654292553
camelyon17_loo_h3,3,3,P95,workflow: proxy - baseline,26,14,-0.23367249752641728,0.035592376934391406,0.04918543590951177,0.0011799006489455754,-0.005133551701053202,-0.0313260187319299
camelyon17_loo_h3,3,4,P95,workflow: proxy - baseline,8,26,-0.20657658378177957,0.012573440448517187,0.020073625457123906,0.0035824519703484548,-0.004558865930255798,-0.024182587764522503
camelyon17_loo_h3,3,5,P95,workflow: proxy - baseline,23,2,-0.17874256575431202,0.08511472839707807,0.09109846698039459,-0.0041553022854161625,-0.0012529207254233024,-0.0293742590551589
camelyon17_loo_h3,3,6,P95,workflow: proxy - baseline,6,3,-0.1621103695291929,-0.01753967510934379,-0.012660116891733297,-0.010046255525440473,-0.0028697170819107984,-0.0381991365017927
camelyon17_loo_h3,3,7,P95,workflow: proxy - baseline,4,2,-0.19041438592696236,0.014906334838295704,0.0235575403901033,-0.004001402200771165,-0.004063830432601903,-0.026426521854501596
camelyon17_loo_h3,3,8,P95,workflow: proxy - baseline,4,2,-0.15194153896017903,0.005439903518887013,0.013125708822360804,-0.003154951735223621,-0.006726226390045706,-0.03564327247021301
camelyon17_loo_h3,3,9,P95,workflow: proxy - baseline,20,2,-0.14957362752871273,0.04858241009577502,0.059387653833970405,-0.005301002915551578,-0.0016440407335238036,-0.0348372082362291
camelyon17_loo_h4,4,0,P95,workflow: proxy - baseline,1,25,-0.0652693939254223,0.0469384028784712,0.052722466256446304,-0.0292839184563658,0.0196185083871237,-0.012819288013328099
camelyon17_loo_h4,4,1,P95,workflow: proxy - baseline,7,30,-0.2059813527160526,-0.028726163428021007,-0.03470532590442041,0.005573561930148796,-0.007516199104121296,-0.0173129729259647
camelyon17_loo_h4,4,2,P95,workflow: proxy - baseline,12,23,-0.12258044476842067,-0.0022499246924415073,-0.0034007849820162916,-0.0043089086117589215,0.0012172535814838,-0.0203817987595194
camelyon17_loo_h4,4,3,P95,workflow: proxy - baseline,18,21,-0.20905476334085715,-0.0347322681016381,-0.03494215180557128,0.00889800987489775,-0.009188825596000594,-0.0129680807883563
camelyon17_loo_h4,4,4,P95,workflow: proxy - baseline,9,2,-0.17532777211660466,-0.0867292844739723,-0.08855011855408901,0.0272165510556448,-0.026670436449836202,-0.06484609367334221
camelyon17_loo_h4,4,5,P95,workflow: proxy - baseline,9,3,-0.21905135059526348,-0.06971694805672399,-0.07065968609253759,0.0166903946929996,-0.0177030846097926,-0.0499416738515318
camelyon17_loo_h4,4,6,P95,workflow: proxy - baseline,7,13,-0.19505893238091732,-0.025241900803467693,-0.02449631000699859,0.0008935873746703793,-0.0040493441042563985,-0.0289005494775732
camelyon17_loo_h4,4,7,P95,workflow: proxy - baseline,16,9,-0.14741039369400016,-0.01813364241190288,-0.0164344886361861,-0.00018931935904042962,-0.002384428632187803,-0.032764685616660495
camelyon17_loo_h4,4,8,P95,workflow: proxy - baseline,27,29,-0.14181345242142174,-0.01241539076968931,-0.01089323701178399,-0.000287765425741382,-0.001906498684299797,-0.018475187415359702
camelyon17_loo_h4,4,9,P95,workflow: proxy - baseline,19,29,-0.1426103760305229,-0.014213811416393302,-0.014107702884611106,0.004119589252718603,-0.0039454592627104,-0.007043595325236901
camelyon17_loo_h0,0,0,P97,workflow: proxy - baseline,12,30,-0.09396574142353975,0.012352635524080696,0.010032434184410605,-0.00035563874590538447,-0.0006466331333402978,-0.0041258607769513005
camelyon17_loo_h0,0,1,P97,workflow: proxy - baseline,1,18,-0.07417482520517127,0.019645034497508207,0.010873577182246602,-0.0028825456247075776,0.0016124186493746973,0.0017725205534520026
camelyon17_loo_h0,0,2,P97,workflow: proxy - baseline,30,6,-0.06684158311717436,-0.014874143337469198,-0.0026258717935785936,0.011642489471221373,-0.009237568105178097,-0.005307378053318705
camelyon17_loo_h0,0,3,P97,workflow: proxy - baseline,8,24,-0.06148758661737219,0.02753875207951531,0.014343471271688585,0.00022461394478234809,0.0002840554484717997,-0.0044430119288462
camelyon17_loo_h0,0,4,P97,workflow: proxy - baseline,8,26,-0.10541385240829815,0.007503386738724388,0.006181228562807284,0.002901263453439551,-0.0024468234579812023,-0.004099013987656799
camelyon17_loo_h0,0,5,P97,workflow: proxy - baseline,7,26,-0.08246598701013008,0.014286965526991796,0.012008052116229684,-0.0009171736078614767,-0.0003365486695020986,-0.009748181032533398
camelyon17_loo_h0,0,6,P97,workflow: proxy - baseline,29,28,-0.123287494776805,0.036169311753890016,0.026357064899332594,-0.00011230697239139609,-1.9489706166025966e-06,-0.0012391107046694008
camelyon17_loo_h0,0,7,P97,workflow: proxy - baseline,12,30,-0.10464984620704176,0.024318550796015498,0.02760527496793358,-0.0031633130556856237,0.002839005363145901,0.0064552582202514995
camelyon17_loo_h0,0,8,P97,workflow: proxy - baseline,9,24,0.047620084454901845,0.010506213152347399,0.004023069927195894,-0.00033692091717363315,-0.0008947187907898044,-0.009964577343686304
camelyon17_loo_h0,0,9,P97,workflow: proxy - baseline,18,30,-0.04829736187535871,0.028494243626898702,0.02419173830182078,-0.006626111371080934,0.004632289180300203,-0.0047512272983335005
camelyon17_loo_h1,1,0,P97,workflow: proxy - baseline,23,2,-0.1432899821372401,-0.04018275918807662,-0.02181971323356796,0.02128695851478346,-0.015462383182269598,-0.0059701598195546005
camelyon17_loo_h1,1,1,P97,workflow: proxy - baseline,4,2,-0.0016299279830913616,-0.03353820101158567,-0.038024085402415614,0.00527160210864086,-0.010694600777805097,-0.0562993268414358
camelyon17_loo_h1,1,2,P97,workflow: proxy - baseline,6,27,-0.10829173338845521,0.04952427114991512,0.031180437051082366,0.0002292000916800374,0.0045821564510504925,0.009228196195833902
camelyon17_loo_h1,1,3,P97,workflow: proxy - baseline,23,2,-0.03360859359596502,-0.009378186327136329,-0.0197947186633205,0.00707655283062103,-0.008510249697724001,-0.0400924819283663
camelyon17_loo_h1,1,4,P97,workflow: proxy - baseline,13,2,-0.035819641314853046,-0.040001998803925715,-0.04491422390608682,0.0038104515241805803,-0.01267540536634229,-0.055199974424474794
camelyon17_loo_h1,1,5,P97,workflow: proxy - baseline,6,3,0.043478967608559294,0.0235596975211137,0.014811909683507402,-0.005787302314920972,0.004103305653660808,-0.0132159336243979
camelyon17_loo_h1,1,6,P97,workflow: proxy - baseline,6,3,-0.09801094876150385,-0.010073821834206076,-0.015318965495979081,0.0075636030254412345,-0.005091125444631708,-0.012915612201595901
camelyon17_loo_h1,1,7,P97,workflow: proxy - baseline,18,2,0.036019696283000835,0.0670249481371002,0.07594300603589582,-0.02455305982122402,0.015126769105681698,0.008336931540245306
camelyon17_loo_h1,1,8,P97,workflow: proxy - baseline,29,29,-0.10583784848033673,0.013444307235431413,0.002076607631120192,0.01037130414852161,-0.0044452819875292066,0.0145834872596028
camelyon17_loo_h1,1,9,P97,workflow: proxy - baseline,15,3,-0.11475507483549019,-0.0005778079478024889,0.004864503598214331,0.011889754755901816,-0.005272436966200306,0.010194423188913799
camelyon17_loo_h2,2,0,P97,workflow: proxy - baseline,23,5,-0.016873355777063614,0.051271321595407704,0.040085678693759313,-0.022714981070849016,0.012339074846358794,-0.011823380363468104
camelyon17_loo_h2,2,1,P97,workflow: proxy - baseline,26,2,-0.03410843403371744,-0.02079522324511482,-0.020819510679074088,0.0024807769181932615,-0.006944536229845401,-0.0493949750449597
camelyon17_loo_h2,2,2,P97,workflow: proxy - baseline,26,11,0.025122541514785324,0.016826400161526922,0.01244518154893362,-0.0069485268182566395,0.0033262038815644046,-0.0112929150282798
camelyon17_loo_h2,2,3,P97,workflow: proxy - baseline,3,5,0.05103459053792847,0.03906655703571349,0.032651521146349005,-0.01780045618077919,0.010330692172083905,-0.0349528395177752
camelyon17_loo_h2,2,4,P97,workflow: proxy - baseline,7,7,0.0685112375180017,0.04995830529988432,0.04823899097986892,-0.021268840971618075,0.013601261632243296,-0.009916470683876598
camelyon17_loo_h2,2,5,P97,workflow: proxy - baseline,5,9,0.02764585696812949,0.019452486274761593,0.022307026488625592,-0.016765819361817202,0.009047852700020398,-0.025206820327309795
camelyon17_loo_h2,2,6,P97,workflow: proxy - baseline,19,3,-0.010224741411806071,0.017470896855262402,0.0104503904217981,-0.0015989841747595657,-0.00021163362900920857,-0.0245097600230559
camelyon17_loo_h2,2,7,P97,workflow: proxy - baseline,3,8,-0.07012000368127536,0.0017444824674717196,-0.006594176512803807,0.006983798527993801,-0.005438727179233695,-0.029272891308009
camelyon17_loo_h2,2,8,P97,workflow: proxy - baseline,1,5,0.02011739056184858,0.0374669890594469,0.031738164837531,-0.020645707432925042,0.011887362906936191,-0.0310851290711417
camelyon17_loo_h2,2,9,P97,workflow: proxy - baseline,22,3,0.005158316249165296,0.009907956084289404,0.0028692240319145024,-0.00027041644131964304,-0.002634596042239798,-0.0361663251873277
camelyon17_loo_h3,3,0,P97,workflow: proxy - baseline,9,2,-0.18015157482230548,-0.0513018711635328,-0.0403114467894809,0.007216203968912205,-0.016386731580879,-0.0603243143520181
camelyon17_loo_h3,3,1,P97,workflow: proxy - baseline,10,4,-0.11259134812833682,-0.0766376283485698,-0.06930864451644428,0.013791157585136604,-0.02352645525001249,-0.06643379150368289
camelyon17_loo_h3,3,2,P97,workflow: proxy - baseline,10,2,-0.11865019826697709,-0.04856237086596099,-0.034635096313647,0.0031977017587360157,-0.011254522793398801,-0.050113218286251704
camelyon17_loo_h3,3,3,P97,workflow: proxy - baseline,14,14,-0.1556361383166418,-0.042122173524876294,-0.03322541236079091,0.009216905069297843,-0.012984553615082203,-0.041954178715013904
camelyon17_loo_h3,3,4,P97,workflow: proxy - baseline,2,26,-0.10395547251622006,0.03865724120209729,0.04561458579895661,-0.006130353371694319,0.005303256559748004,-0.0069608544218967006
camelyon17_loo_h3,3,5,P97,workflow: proxy - baseline,12,2,-0.147259220321719,-0.04849825099278482,-0.03732142864184379,0.007070853888969664,-0.013187190860628903,-0.0460047628829133
camelyon17_loo_h3,3,6,P97,workflow: proxy - baseline,19,3,-0.08074466759010879,-0.04053444690700059,-0.026368791179266104,0.0013594507476979434,-0.0099097694327892,-0.0529658729707104
camelyon17_loo_h3,3,7,P97,workflow: proxy - baseline,2,2,-0.08127594419377904,0.013207107267905499,0.020419685993061792,-0.0064210535315794015,0.0011945909328637955,-0.017293820933104297
camelyon17_loo_h3,3,8,P97,workflow: proxy - baseline,11,2,-0.14402880907112103,-0.05201449489134799,-0.04325491592700392,0.00802845441564981,-0.0157796238633321,-0.05232404770229611
camelyon17_loo_h3,3,9,P97,workflow: proxy - baseline,9,2,-0.12252294907052574,-0.0413891123671912,-0.03478095356362751,0.003189151754033337,-0.011369078134670203,-0.0512494733847468
camelyon17_loo_h4,4,0,P97,workflow: proxy - baseline,1,25,0.033534105057673846,0.0473219921031337,0.05123013577096472,-0.026519855814376214,0.018232893213234694,-0.00015344431702800018
camelyon17_loo_h4,4,1,P97,workflow: proxy - baseline,7,30,-0.08423147834497835,-0.021186186367932403,-0.02632632809293131,0.012116438978584165,-0.008093668623444898,0.012478564143495501
camelyon17_loo_h4,4,2,P97,workflow: proxy - baseline,24,23,-0.0108929289005264,0.005265522538776601,0.012182900765477817,-0.005588707478871968,0.0037234264603403996,-0.0158170930819804
camelyon17_loo_h4,4,3,P97,workflow: proxy - baseline,5,21,-0.1476695414358975,-0.046415244689931606,-0.05039445015798588,0.016682821918638124,-0.014610306159087198,-0.018891674497255997
camelyon17_loo_h4,4,4,P97,workflow: proxy - baseline,9,2,-0.1289304193979467,-0.07654195939636069,-0.08286984861179461,0.02134007815103156,-0.0235509152093688,-0.06673725005530501
camelyon17_loo_h4,4,5,P97,workflow: proxy - baseline,11,3,-0.1347036955364933,-0.0702881376212735,-0.0732403149185,0.017265925544482363,-0.0184565698072897,-0.049663255643734305
camelyon17_loo_h4,4,6,P97,workflow: proxy - baseline,3,13,-0.03227133597444043,-0.019036803719498507,-0.019726897761719403,0.003271438524217629,-0.004355621764248203,-0.0159828628252282
camelyon17_loo_h4,4,7,P97,workflow: proxy - baseline,10,9,-0.01336899203636277,-0.007606394952764495,-8.213033622439525e-05,-0.006080937812377063,0.0023045682122452005,-0.038883696086732894
camelyon17_loo_h4,4,8,P97,workflow: proxy - baseline,26,29,-0.062130056713357806,-0.0033216959270347957,-0.0012125176349907785,-0.0035894950474055776,0.0009188893945982005,-0.019216892903781903
camelyon17_loo_h4,4,9,P97,workflow: proxy - baseline,8,29,-0.001645115293212429,-0.012403121493756414,-0.009196195763108289,0.0008330051797778015,-0.001801489063276998,-0.0187233899958356
camelyon17_loo_h0,0,0,P99,workflow: proxy - baseline,4,30,0.07057177033339135,0.030201649632103506,0.02420261101219301,-0.005240992044922788,0.0072199840742170965,0.0270115733128111
camelyon17_loo_h0,0,1,P99,workflow: proxy - baseline,26,18,-0.02202050229343211,0.004841617625748501,-0.0036696255518001986,0.0036499766027140446,-0.0033967008708915003,-0.0118218700962763
camelyon17_loo_h0,0,2,P99,workflow: proxy - baseline,24,6,-0.00728901028740192,-0.014079495740169784,-0.018949532110229206,0.009789424426766447,-0.008668066814408702,-0.030267130807399602
camelyon17_loo_h0,0,3,P99,workflow: proxy - baseline,22,24,0.019164790260311815,-0.008907683370499603,-0.013022740774911223,0.005315863359850237,-0.004511623431652102,-0.0119193176890951
camelyon17_loo_h0,0,4,P99,workflow: proxy - baseline,11,26,0.05907244159301128,-0.005598726123514003,-0.0009591409855143063,-0.004267664950865613,0.0004511423696327982,-0.0219004078888951
camelyon17_loo_h0,0,5,P99,workflow: proxy - baseline,29,26,0.015203745384406941,-0.02588632624539372,-0.0184869796636348,0.003182030884417375,-0.005309196712784299,-0.023852958608166698
camelyon17_loo_h0,0,6,P99,workflow: proxy - baseline,23,28,-0.03416096177725869,-0.0029627129965398846,-0.006672740233966801,0.0016658867571360814,-0.0025155102792097997,-0.017560827583186202
camelyon17_loo_h0,0,7,P99,workflow: proxy - baseline,19,30,0.015926107203206863,0.0419157899223353,0.031107811264602298,-0.005989705194197614,0.005271494561916501,-0.002392388373417202
camelyon17_loo_h0,0,8,P99,workflow: proxy - baseline,6,24,0.09298657132092392,0.04762881966517282,0.02560779261613158,-0.00668226485727641,0.004871275714278998,-0.015773608343208703
camelyon17_loo_h0,0,9,P99,workflow: proxy - baseline,23,30,0.11419145986533441,0.00407629836169901,0.0039018982325522977,-0.003968179691155704,0.001515055150194601,-0.0064985196965793995
camelyon17_loo_h1,1,0,P99,workflow: proxy - baseline,2,2,0.03268137648739289,-0.002408643555082579,-0.006058270246584396,-0.002120100848040374,-0.0009139930456674994,-0.020194268532764403
camelyon17_loo_h1,1,1,P99,workflow: proxy - baseline,2,2,0.019316786237108974,-0.021744120265595468,-0.0245430834600025,0.003008251203300394,-0.007006367187323101,-0.0274252051547592
camelyon17_loo_h1,1,2,P99,workflow: proxy - baseline,3,27,-0.05250224784919699,0.014908507275346011,0.003220763435118096,0.0023493009397203,-0.000174338133916499,0.0169939213779985
camelyon17_loo_h1,1,3,P99,workflow: proxy - baseline,3,2,-0.009881756319241153,-0.022665448594802018,-0.019365143619540587,0.0001719000687600003,-0.0050077944432585925,-0.020198074452315896
camelyon17_loo_h1,1,4,P99,workflow: proxy - baseline,3,2,-0.03443171499087849,-0.04052182971872931,-0.03680536989190383,0.00020055008022001886,-0.009873766043447293,-0.038050080093426995
camelyon17_loo_h1,1,5,P99,workflow: proxy - baseline,3,3,-0.012177764953347103,-0.003778424268015418,-0.005667376073250602,0.0018622507449004289,-0.0017244071878938921,-0.0066290267908955015
camelyon17_loo_h1,1,6,P99,workflow: proxy - baseline,28,3,-0.05243108516846773,-0.017932274366569884,-0.015834433703514478,0.009397203758881645,-0.005203900471446601,-0.0142922415246368
camelyon17_loo_h1,1,7,P99,workflow: proxy - baseline,3,2,-0.009855229913550922,-0.02198190370395059,-0.024954565087414976,0.0025212010084804115,-0.0069662531574385955,-0.023813041403499498
camelyon17_loo_h1,1,8,P99,workflow: proxy - baseline,27,29,-0.0102432954465429,0.011522703012159213,0.004713493005903596,0.0024066009626403373,0.00040164880946438886,0.00044797795588619963
camelyon17_loo_h1,1,9,P99,workflow: proxy - baseline,2,3,0.05612847210180871,0.02466805467534272,0.016580447342820825,-0.003523951409580506,0.005746582029843794,0.0122013341786139
camelyon17_loo_h2,2,0,P99,workflow: proxy - baseline,9,5,-0.0029109503039662643,0.005179444621674106,0.0056229556401619085,-0.01039339713593701,0.0055193968602025995,-0.0037608754367714006
camelyon17_loo_h2,2,1,P99,workflow: proxy - baseline,16,2,-0.08452683051812093,-0.0453156021700197,-0.04301752976048029,0.012650786559127214,-0.01338375487783,-0.04859765127456281
camelyon17_loo_h2,2,2,P99,workflow: proxy - baseline,27,11,0.039106524806441945,0.013626514376542609,0.002621952366540503,-0.0038563735979496583,0.0011380216240286997,-0.0157969803029142
camelyon17_loo_h2,2,3,P99,workflow: proxy - baseline,5,5,0.01931419538394097,0.0129631122910287,0.009603927917584798,-0.004738166341383021,0.002987996345448697,-0.015379335332431496
camelyon17_loo_h2,2,4,P99,workflow: proxy - baseline,1,7,0.13248166606223477,0.0485783801344678,0.04383207102775352,-0.02095139558398207,0.015396592313316602,0.0088564603535261
camelyon17_loo_h2,2,5,P99,workflow: proxy - baseline,22,9,0.011836792090418213,0.006249645323755992,0.0023674621845669874,-0.0030686387471487997,0.0007667676354303002,-0.023164693989180196
camelyon17_loo_h2,2,6,P99,workflow: proxy - baseline,3,3,0.03976883054169256,0.006167316845585413,0.005990328862559791,-0.00472640910480393,0.0028028874412597965,0.0006113916447067977
camelyon17_loo_h2,2,7,P99,workflow: proxy - baseline,6,8,0.00831238361019071,0.015167069346825018,0.013113995107643689,0.00010581512921181702,0.002819669593363508,0.010106205741615304
camelyon17_loo_h2,2,8,P99,workflow: proxy - baseline,11,5,0.014010981557015079,0.0074007940937037,0.003178241807311216,-0.008653326122228244,0.0039984311831605945,-0.017097537881081298
camelyon17_loo_h2,2,9,P99,workflow: proxy - baseline,15,3,-0.01788441421384679,-0.020867257336938283,-0.023142654846433908,0.004267876878218502,-0.006419790261129793,-0.033690826430104
camelyon17_loo_h3,3,0,P99,workflow: proxy - baseline,15,2,-0.061268716814026014,-0.03954726710177192,-0.031655551812853205,3.420001881004886e-05,-0.009583010985542297,-0.0378396424287916
camelyon17_loo_h3,3,1,P99,workflow: proxy - baseline,22,4,-0.013353259329284994,-0.0674109375582084,-0.06237531520260098,0.01192725655999105,-0.021332427084849295,-0.0616147958989901
camelyon17_loo_h3,3,2,P99,workflow: proxy - baseline,25,2,-0.0374258496071741,-0.04012030903597749,-0.0331358410130998,0.00484785266631893,-0.012430929362249897,-0.0520850577872674
camelyon17_loo_h3,3,3,P99,workflow: proxy - baseline,28,14,-0.05281802281960335,-0.0012259712793143973,0.004794725603932681,0.005728503150676856,-0.008661819560569002,-0.0341039344539093
camelyon17_loo_h3,3,4,P99,workflow: proxy - baseline,7,26,0.019932088433277095,0.041017443893997696,0.0394460915747096,-0.015184808351644596,0.0132576062227504,0.014171571917832596
camelyon17_loo_h3,3,5,P99,workflow: proxy - baseline,23,2,-0.05307232106015802,-0.0481247943902634,-0.0389225436042582,0.005164202840311605,-0.0120665553455045,-0.047417355421313104
camelyon17_loo_h3,3,6,P99,workflow: proxy - baseline,3,3,-0.007630754758914282,-0.012188017556432895,-0.011316749296800793,-0.004300652365358815,-0.0029241287671333965,-0.025172473462047797
camelyon17_loo_h3,3,7,P99,workflow: proxy - baseline,8,2,-0.06606939827910652,-0.038768276908490384,-0.03557177626033001,0.004155302285416385,-0.010557321729329605,-0.0415322404849365
camelyon17_loo_h3,3,8,P99,workflow: proxy - baseline,3,2,0.021552088111639,-0.03207263840298219,-0.031744280393485313,-0.0029668516317684634,-0.007687656021770906,-0.03860114388785091
camelyon17_loo_h3,3,9,P99,workflow: proxy - baseline,28,2,-0.027261551362528502,-0.042015828338200195,-0.035477883164190316,0.004976102736856558,-0.012668626099631604,-0.0520423360470495
camelyon17_loo_h4,4,0,P99,workflow: proxy - baseline,23,25,-0.03709347627591342,-0.01517423082153499,-0.018725460601484,0.002256686759761428,-0.0038991205790291014,-0.0205896439717848
camelyon17_loo_h4,4,1,P99,workflow: proxy - baseline,5,30,-0.10725247440859675,-0.018136895692016902,-0.02811983681772892,0.017697573683094547,-0.010923493738754397,0.033773777268619604
camelyon17_loo_h4,4,2,P99,workflow: proxy - baseline,11,23,0.02664801455102861,-0.006472959560625213,-0.0042364794239447,-0.00030291097446455417,-0.0005537361999371007,-0.013220949953961197
camelyon17_loo_h4,4,3,P99,workflow: proxy - baseline,10,21,-0.02815372425492013,0.0013459821977558073,0.0038587079378540057,-0.005285796504407414,0.0034210363150760023,0.0129888194504552
camelyon17_loo_h4,4,4,P99,workflow: proxy - baseline,27,2,-0.018491801107302308,-0.0709568656528208,-0.07348962376817511,0.0212946415048616,-0.0221684362882041,-0.0655621158547629
camelyon17_loo_h4,4,5,P99,workflow: proxy - baseline,27,3,-0.03741589974379167,-0.06915827759930929,-0.06963921582668861,0.016697967467361186,-0.017740195906745505,-0.047209283381826
camelyon17_loo_h4,4,6,P99,workflow: proxy - baseline,21,13,-0.0539875365793705,-0.017361679176976896,-0.01289260150558219,0.001310089964559391,-0.0024811892647651976,-0.0206735097287795
camelyon17_loo_h4,4,7,P99,workflow: proxy - baseline,26,9,0.08827810287458004,0.005170201103741001,0.007768651021744205,-0.006452003756096225,0.0030158638225762993,-0.025422272385396898
camelyon17_loo_h4,4,8,P99,workflow: proxy - baseline,15,29,-0.042197675770236476,-0.014284778510604501,-0.01991764534006249,0.0018704752673188718,-0.003763653141491699,-0.0233553810698027
camelyon17_loo_h4,4,9,P99,workflow: proxy - baseline,17,29,0.03005690354621038,-0.015981726315093925,-0.01756620284185509,0.004096870929633845,-0.0040825489878792,-0.004455413183822202
