test_loss,test_acc,test_brier,test_ece,teacher_tail_cvar,objective,regime,seed,tag,policy,epochs,mean_epoch,val_loss_epoch,val_acc_epoch,proxy_epoch,chosen_val_loss,chosen_val_acc
0.25346397393313086,0.9222729089754744,0.06161710402355196,0.037674935090656655,10.878360785346064,SoftClip P95,erm_softclip_p95_a10_cam,0,h0_do0.0_lr0.001_wd0.0001_bs512_ep30_v11ermsoftclipfix_cam_10s,proxy_best,11,11.0,7,26,11,0.31298819184303284,0.913
0.24422239957481096,0.9190984550991135,0.06306172177624739,0.034543720705924236,9.909876444790056,SoftClip P95,erm_softclip_p95_a10_cam,0,h0_do0.0_lr0.001_wd0.0001_bs512_ep30_v11ermsoftclipfix_cam_10s,val_loss_best,7,7.0,7,26,11,0.2976451814174652,0.9075
0.2789234270579099,0.9214969313612529,0.06342875505269123,0.043156614239506196,12.189450679649099,SoftClip P95,erm_softclip_p95_a10_cam,0,h0_do0.0_lr0.001_wd0.0001_bs512_ep30_v11ermsoftclipfix_cam_10s,val_acc_best,26,26.0,7,26,11,0.3484598398208618,0.9135
0.28304020009225195,0.920685682037294,0.06392237122656835,0.04383238836561883,12.51771835222431,SoftClip P95,erm_softclip_p95_a10_cam,0,h0_do0.0_lr0.001_wd0.0001_bs512_ep30_v11ermsoftclipfix_cam_10s,avg_last5,26/27/28/29/30,28.0,7,26,11,,
0.24731635353260373,0.9194394149599078,0.06328954743676145,0.03533682939743105,9.962208641116035,SoftClip P95,erm_softclip_p95_a10_cam,0,h0_do0.0_lr0.001_wd0.0001_bs512_ep30_v11ermsoftclipfix_cam_10s,avg_val_loss5,5/6/7/8/9,7.0,7,26,11,,
0.2570778669560771,0.920697439273873,0.0628706234857695,0.03816397603037122,10.816556194173607,SoftClip P95,erm_softclip_p95_a10_cam,1,h0_do0.0_lr0.001_wd0.0001_bs512_ep30_v11ermsoftclipfix_cam_10s,proxy_best,12,12.0,5,18,12,0.3153247535228729,0.9135
0.2488313682000787,0.9155712841253791,0.06557731487207219,0.034695572603991205,9.25975490239699,SoftClip P95,erm_softclip_p95_a10_cam,1,h0_do0.0_lr0.001_wd0.0001_bs512_ep30_v11ermsoftclipfix_cam_10s,val_loss_best,5,5.0,5,18,12,0.2949775159358978,0.9055
0.2649168101945696,0.9216732899099396,0.06263973718428201,0.04007970722507775,11.68762103776263,SoftClip P95,erm_softclip_p95_a10_cam,1,h0_do0.0_lr0.001_wd0.0001_bs512_ep30_v11ermsoftclipfix_cam_10s,val_acc_best,18,18.0,5,18,12,0.33776557445526123,0.915
0.28510288276869583,0.9204975662520282,0.06436828898276929,0.04414241625251412,12.487140870245167,SoftClip P95,erm_softclip_p95_a10_cam,1,h0_do0.0_lr0.001_wd0.0001_bs512_ep30_v11ermsoftclipfix_cam_10s,avg_last5,26/27/28/29/30,28.0,5,18,12,,
0.24583151715718748,0.9160415735885438,0.06510577422694928,0.03311424394183467,9.275761186237181,SoftClip P95,erm_softclip_p95_a10_cam,1,h0_do0.0_lr0.001_wd0.0001_bs512_ep30_v11ermsoftclipfix_cam_10s,avg_val_loss5,3/4/5/6/7,5.0,5,18,12,,
0.2768781469454878,0.9196392879817528,0.06423890155396839,0.042950303480393304,12.007068776502278,SoftClip P95,erm_softclip_p95_a10_cam,2,h0_do0.0_lr0.001_wd0.0001_bs512_ep30_v11ermsoftclipfix_cam_10s,proxy_best,24,24.0,5,13,24,0.34325098991394043,0.914
0.24389401552631546,0.9177581301290945,0.06401800653457185,0.03326550986079188,9.257546551357834,SoftClip P95,erm_softclip_p95_a10_cam,2,h0_do0.0_lr0.001_wd0.0001_bs512_ep30_v11ermsoftclipfix_cam_10s,val_loss_best,5,5.0,5,13,24,0.29630938172340393,0.9045
0.25437207916256144,0.9228960425141675,0.061369134568304944,0.03758336462981842,10.878767235055012,SoftClip P95,erm_softclip_p95_a10_cam,2,h0_do0.0_lr0.001_wd0.0001_bs512_ep30_v11ermsoftclipfix_cam_10s,val_acc_best,13,13.0,5,13,24,0.31514179706573486,0.9155
0.2816007524781593,0.9215204458344111,0.06342069350304623,0.04354401410393286,12.507792355103685,SoftClip P95,erm_softclip_p95_a10_cam,2,h0_do0.0_lr0.001_wd0.0001_bs512_ep30_v11ermsoftclipfix_cam_10s,avg_last5,26/27/28/29/30,28.0,5,13,24,,
0.24148844047092646,0.9171585110635596,0.06397814441548294,0.03209172018927078,9.065274460239857,SoftClip P95,erm_softclip_p95_a10_cam,2,h0_do0.0_lr0.001_wd0.0001_bs512_ep30_v11ermsoftclipfix_cam_10s,avg_val_loss5,3/4/5/6/7,5.0,5,13,24,,
0.25511290030553135,0.9193806287770122,0.06344839386207132,0.03818462471344543,10.468910945829224,SoftClip P95,erm_softclip_p95_a10_cam,3,h0_do0.0_lr0.001_wd0.0001_bs512_ep30_v11ermsoftclipfix_cam_10s,proxy_best,10,10.0,5,21,10,0.30692198872566223,0.9115
0.2482344478823053,0.9157123709643286,0.06549347378550253,0.0336668259706694,9.355437961953589,SoftClip P95,erm_softclip_p95_a10_cam,3,h0_do0.0_lr0.001_wd0.0001_bs512_ep30_v11ermsoftclipfix_cam_10s,val_loss_best,5,5.0,5,21,10,0.29666319489479065,0.906
0.2709656357095836,0.9211677287370377,0.06331924787002151,0.041249529392128254,11.604416630195809,SoftClip P95,erm_softclip_p95_a10_cam,3,h0_do0.0_lr0.001_wd0.0001_bs512_ep30_v11ermsoftclipfix_cam_10s,val_acc_best,21,21.0,5,21,10,0.3351750671863556,0.9155
0.28305567994696984,0.9210266418980882,0.06387044444603251,0.043601909352884265,12.544353949150175,SoftClip P95,erm_softclip_p95_a10_cam,3,h0_do0.0_lr0.001_wd0.0001_bs512_ep30_v11ermsoftclipfix_cam_10s,avg_last5,26/27/28/29/30,28.0,5,21,10,,
0.2441896099044125,0.9170056669880311,0.06439872555068096,0.032376246141716504,9.338413146868792,SoftClip P95,erm_softclip_p95_a10_cam,3,h0_do0.0_lr0.001_wd0.0001_bs512_ep30_v11ermsoftclipfix_cam_10s,avg_val_loss5,3/4/5/6/7,5.0,5,21,10,,
0.2796295800982718,0.9192630564112211,0.06468353747925547,0.04329859143388248,12.325535404747644,SoftClip P95,erm_softclip_p95_a10_cam,4,h0_do0.0_lr0.001_wd0.0001_bs512_ep30_v11ermsoftclipfix_cam_10s,proxy_best,25,25.0,7,15,25,0.3537895977497101,0.912
0.24506396607151157,0.9202859359936041,0.06263831215583412,0.035293306974830255,9.758973384546586,SoftClip P95,erm_softclip_p95_a10_cam,4,h0_do0.0_lr0.001_wd0.0001_bs512_ep30_v11ermsoftclipfix_cam_10s,val_loss_best,7,7.0,7,15,25,0.2960300147533417,0.9095
0.2624054851936236,0.9211559715004586,0.06292868790115361,0.03929984441797167,11.470951582219419,SoftClip P95,erm_softclip_p95_a10_cam,4,h0_do0.0_lr0.001_wd0.0001_bs512_ep30_v11ermsoftclipfix_cam_10s,val_acc_best,15,15.0,7,15,25,0.3284285068511963,0.915
0.28260233185846234,0.9209208267688762,0.06381107362456537,0.043605846176803985,12.540980564325723,SoftClip P95,erm_softclip_p95_a10_cam,4,h0_do0.0_lr0.001_wd0.0001_bs512_ep30_v11ermsoftclipfix_cam_10s,avg_last5,26/27/28/29/30,28.0,7,15,25,,
0.24525506426912638,0.919874432713335,0.06289995035862306,0.03504897968413963,9.918694486250681,SoftClip P95,erm_softclip_p95_a10_cam,4,h0_do0.0_lr0.001_wd0.0001_bs512_ep30_v11ermsoftclipfix_cam_10s,avg_val_loss5,5/6/7/8/9,7.0,7,15,25,,
0.2546793941777473,0.9210266418980882,0.06246857418190168,0.038244504180244915,10.396838305085517,SoftClip P95,erm_softclip_p95_a10_cam,5,h0_do0.0_lr0.001_wd0.0001_bs512_ep30_v11ermsoftclipfix_cam_10s,proxy_best,10,10.0,5,27,10,0.3050747811794281,0.914
0.2454839377878107,0.9159475156959108,0.06512677248570425,0.03361364372125335,9.230816386849376,SoftClip P95,erm_softclip_p95_a10_cam,5,h0_do0.0_lr0.001_wd0.0001_bs512_ep30_v11ermsoftclipfix_cam_10s,val_loss_best,5,5.0,5,27,10,0.29378533363342285,0.9045
0.28070750754948315,0.9215792320173066,0.06321635893816559,0.04327636106066233,12.439306547269657,SoftClip P95,erm_softclip_p95_a10_cam,5,h0_do0.0_lr0.001_wd0.0001_bs512_ep30_v11ermsoftclipfix_cam_10s,val_acc_best,27,27.0,5,27,10,0.35221046209335327,0.9155
0.2834175095807372,0.9202036353375502,0.06415325201384428,0.044051042640276566,12.412331418769533,SoftClip P95,erm_softclip_p95_a10_cam,5,h0_do0.0_lr0.001_wd0.0001_bs512_ep30_v11ermsoftclipfix_cam_10s,avg_last5,26/27/28/29/30,28.0,5,27,10,,
0.24466186048148325,0.9160415735885438,0.0649940125121885,0.03296887593530495,9.138484404362373,SoftClip P95,erm_softclip_p95_a10_cam,5,h0_do0.0_lr0.001_wd0.0001_bs512_ep30_v11ermsoftclipfix_cam_10s,avg_val_loss5,3/4/5/6/7,5.0,5,27,10,,
0.25434024036098574,0.9207797399299269,0.06262719295452439,0.03812469782395858,10.48651187431076,SoftClip P95,erm_softclip_p95_a10_cam,6,h0_do0.0_lr0.001_wd0.0001_bs512_ep30_v11ermsoftclipfix_cam_10s,proxy_best,10,10.0,6,29,10,0.3051166236400604,0.9145
0.24880741351815117,0.9163825334493381,0.06515812568142729,0.0351992303722502,9.381654540007952,SoftClip P95,erm_softclip_p95_a10_cam,6,h0_do0.0_lr0.001_wd0.0001_bs512_ep30_v11ermsoftclipfix_cam_10s,val_loss_best,6,6.0,6,29,10,0.2919404208660126,0.911
0.28588275558712717,0.9197451031109648,0.0646838408769513,0.04440537867789684,12.569762795567641,SoftClip P95,erm_softclip_p95_a10_cam,6,h0_do0.0_lr0.001_wd0.0001_bs512_ep30_v11ermsoftclipfix_cam_10s,val_acc_best,29,29.0,6,29,10,0.35309112071990967,0.915
0.28429607118267214,0.920485809015449,0.06411071765919885,0.04393026290930983,12.656267581775667,SoftClip P95,erm_softclip_p95_a10_cam,6,h0_do0.0_lr0.001_wd0.0001_bs512_ep30_v11ermsoftclipfix_cam_10s,avg_last5,26/27/28/29/30,28.0,6,29,10,,
0.24823034378819872,0.9175229853975122,0.06442636155798508,0.035136940155636204,9.635666014546754,SoftClip P95,erm_softclip_p95_a10_cam,6,h0_do0.0_lr0.001_wd0.0001_bs512_ep30_v11ermsoftclipfix_cam_10s,avg_val_loss5,4/5/6/7/8,6.0,6,29,10,,
0.2897198982037717,0.9173466268488254,0.06645327754215938,0.04528216386270051,12.607524222250653,SoftClip P95,erm_softclip_p95_a10_cam,7,h0_do0.0_lr0.001_wd0.0001_bs512_ep30_v11ermsoftclipfix_cam_10s,proxy_best,28,28.0,5,26,28,0.3579067885875702,0.9135
0.24467752231948778,0.917617043290145,0.06417287351023168,0.033108343387373444,9.355749740792431,SoftClip P95,erm_softclip_p95_a10_cam,7,h0_do0.0_lr0.001_wd0.0001_bs512_ep30_v11ermsoftclipfix_cam_10s,val_loss_best,5,5.0,5,26,28,0.29763922095298767,0.906
0.278946872449297,0.9217908622757307,0.06318021644818082,0.042886222907671336,12.186943320164428,SoftClip P95,erm_softclip_p95_a10_cam,7,h0_do0.0_lr0.001_wd0.0001_bs512_ep30_v11ermsoftclipfix_cam_10s,val_acc_best,26,26.0,5,26,28,0.344214528799057,0.9145
0.2854612583811443,0.9196275307451737,0.06477757009265897,0.044219760773756694,12.52269450851753,SoftClip P95,erm_softclip_p95_a10_cam,7,h0_do0.0_lr0.001_wd0.0001_bs512_ep30_v11ermsoftclipfix_cam_10s,avg_last5,26/27/28/29/30,28.0,5,26,28,,
0.24378700322090527,0.9177816446022526,0.06401522137606995,0.03268646172611894,9.359184846850717,SoftClip P95,erm_softclip_p95_a10_cam,7,h0_do0.0_lr0.001_wd0.0001_bs512_ep30_v11ermsoftclipfix_cam_10s,avg_val_loss5,3/4/5/6/7,5.0,5,26,28,,
0.2533972446646958,0.9211912432101959,0.06232785065618816,0.037747685370680545,10.676324208856846,SoftClip P95,erm_softclip_p95_a10_cam,8,h0_do0.0_lr0.001_wd0.0001_bs512_ep30_v11ermsoftclipfix_cam_10s,proxy_best,11,11.0,4,12,11,0.3109862804412842,0.913
0.2460144936354388,0.9135490394337715,0.06666324477979799,0.03152553106665512,8.661239385909912,SoftClip P95,erm_softclip_p95_a10_cam,8,h0_do0.0_lr0.001_wd0.0001_bs512_ep30_v11ermsoftclipfix_cam_10s,val_loss_best,4,4.0,4,12,11,0.29292115569114685,0.903
0.2575251717767353,0.920685682037294,0.06275916059847077,0.038344024544812505,10.786664222841093,SoftClip P95,erm_softclip_p95_a10_cam,8,h0_do0.0_lr0.001_wd0.0001_bs512_ep30_v11ermsoftclipfix_cam_10s,val_acc_best,12,12.0,4,12,11,0.3154551386833191,0.9145
0.2833084102581828,0.9210383991346673,0.06381020418997146,0.04375008481731546,12.620864866163245,SoftClip P95,erm_softclip_p95_a10_cam,8,h0_do0.0_lr0.001_wd0.0001_bs512_ep30_v11ermsoftclipfix_cam_10s,avg_last5,26/27/28/29/30,28.0,4,12,11,,
0.24326539598205232,0.9145836762527335,0.06589653515392943,0.030375726220708936,8.537493786517139,SoftClip P95,erm_softclip_p95_a10_cam,8,h0_do0.0_lr0.001_wd0.0001_bs512_ep30_v11ermsoftclipfix_cam_10s,avg_val_loss5,2/3/4/5/6,4.0,4,12,11,,
0.28997485397838973,0.9173701413219837,0.06664629529106356,0.04540872404804726,12.39294243745335,SoftClip P95,erm_softclip_p95_a10_cam,9,h0_do0.0_lr0.001_wd0.0001_bs512_ep30_v11ermsoftclipfix_cam_10s,proxy_best,29,29.0,4,14,29,0.3577701449394226,0.9115
0.2487976257209237,0.9134549815411386,0.06686686455130322,0.03254036398703727,8.794403852475277,SoftClip P95,erm_softclip_p95_a10_cam,9,h0_do0.0_lr0.001_wd0.0001_bs512_ep30_v11ermsoftclipfix_cam_10s,val_loss_best,4,4.0,4,14,29,0.2954331040382385,0.903
0.25991220961055955,0.9226491405460061,0.06165767387994907,0.039282801522038335,11.068363299802634,SoftClip P95,erm_softclip_p95_a10_cam,9,h0_do0.0_lr0.001_wd0.0001_bs512_ep30_v11ermsoftclipfix_cam_10s,val_acc_best,14,14.0,4,14,29,0.3194900453090668,0.9145
0.28320265907140935,0.9206504103275566,0.06406544851457638,0.043696944400241425,12.545906279834574,SoftClip P95,erm_softclip_p95_a10_cam,9,h0_do0.0_lr0.001_wd0.0001_bs512_ep30_v11ermsoftclipfix_cam_10s,avg_last5,26/27/28/29/30,28.0,4,14,29,,
0.2459355031724754,0.9144308321772051,0.06613664161395985,0.031214550993320263,8.667576530181506,SoftClip P95,erm_softclip_p95_a10_cam,9,h0_do0.0_lr0.001_wd0.0001_bs512_ep30_v11ermsoftclipfix_cam_10s,avg_val_loss5,2/3/4/5/6,4.0,4,14,29,,
0.2509054863820002,0.9231782161920662,0.0608473921021395,0.036653126090433606,11.101026622115532,GCE q=0.7,erm_gce_q07_cam,0,h0_do0.0_lr0.001_wd0.0001_bs512_ep30_v29gcefix_cam_pilot3s,proxy_best,12,12.0,3,12,12,0.3134421706199646,0.9135
0.23829346270180438,0.9121734427540151,0.06676304969920205,0.02374296005843602,8.316849239641453,GCE q=0.7,erm_gce_q07_cam,0,h0_do0.0_lr0.001_wd0.0001_bs512_ep30_v29gcefix_cam_pilot3s,val_loss_best,3,3.0,3,12,12,0.28247252106666565,0.9015
0.2509054863820002,0.9231782161920662,0.0608473921021395,0.036653126090433606,11.101026622115532,GCE q=0.7,erm_gce_q07_cam,0,h0_do0.0_lr0.001_wd0.0001_bs512_ep30_v29gcefix_cam_pilot3s,val_acc_best,12,12.0,3,12,12,0.3134421706199646,0.9135
0.2929336463534353,0.918733980765161,0.06574271494304476,0.045732202204504455,13.258356474689922,GCE q=0.7,erm_gce_q07_cam,0,h0_do0.0_lr0.001_wd0.0001_bs512_ep30_v29gcefix_cam_pilot3s,avg_last5,26/27/28/29/30,28.0,3,12,12,,
0.23282368361726719,0.9141369012627272,0.06510329990006913,0.02152173578920658,8.273363009728214,GCE q=0.7,erm_gce_q07_cam,0,h0_do0.0_lr0.001_wd0.0001_bs512_ep30_v29gcefix_cam_pilot3s,avg_val_loss5,1/2/3/4/5,3.0,3,12,12,,
0.2662026838595874,0.9199920050791262,0.06364335773414999,0.04027850924660484,11.386722064876379,GCE q=0.7,erm_gce_q07_cam,1,h0_do0.0_lr0.001_wd0.0001_bs512_ep30_v29gcefix_cam_pilot3s,proxy_best,17,17.0,3,25,17,0.32826849818229675,0.9105
0.23855457673381225,0.91237331577586,0.06677299611537404,0.024228715784711113,8.315552249761708,GCE q=0.7,erm_gce_q07_cam,1,h0_do0.0_lr0.001_wd0.0001_bs512_ep30_v29gcefix_cam_pilot3s,val_loss_best,3,3.0,3,25,17,0.2784269452095032,0.906
0.289614136229855,0.9182989630117337,0.065972614363045,0.04560847757585743,12.623691457622593,GCE q=0.7,erm_gce_q07_cam,1,h0_do0.0_lr0.001_wd0.0001_bs512_ep30_v29gcefix_cam_pilot3s,val_acc_best,25,25.0,3,25,17,0.3578489422798157,0.9125
0.2953535066466326,0.9176405577633033,0.0664943349061678,0.04629418431895862,13.244987896347666,GCE q=0.7,erm_gce_q07_cam,1,h0_do0.0_lr0.001_wd0.0001_bs512_ep30_v29gcefix_cam_pilot3s,avg_last5,26/27/28/29/30,28.0,3,25,17,,
0.2333868866438007,0.9135843111435088,0.06552743806628775,0.021165053430379444,8.25848551918823,GCE q=0.7,erm_gce_q07_cam,1,h0_do0.0_lr0.001_wd0.0001_bs512_ep30_v29gcefix_cam_pilot3s,avg_val_loss5,1/2/3/4/5,3.0,3,25,17,,
0.250343727845167,0.9210854280809838,0.06196851510025884,0.0369768710154702,10.739869057864754,GCE q=0.7,erm_gce_q07_cam,2,h0_do0.0_lr0.001_wd0.0001_bs512_ep30_v29gcefix_cam_pilot3s,proxy_best,12,12.0,3,29,12,0.3099451959133148,0.9105
0.24063485907610352,0.910421614503727,0.06785936049059338,0.025306610015989273,8.01303051171772,GCE q=0.7,erm_gce_q07_cam,2,h0_do0.0_lr0.001_wd0.0001_bs512_ep30_v29gcefix_cam_pilot3s,val_loss_best,3,3.0,3,29,12,0.2759653925895691,0.9025
0.29525509106324455,0.9185811366896325,0.0659639513220515,0.04623974937706143,13.099859791097908,GCE q=0.7,erm_gce_q07_cam,2,h0_do0.0_lr0.001_wd0.0001_bs512_ep30_v29gcefix_cam_pilot3s,val_acc_best,29,29.0,3,29,12,0.3708347678184509,0.912
0.292933939950818,0.9186751945822654,0.06575591732761739,0.04575341874486878,13.199113166497222,GCE q=0.7,erm_gce_q07_cam,2,h0_do0.0_lr0.001_wd0.0001_bs512_ep30_v29gcefix_cam_pilot3s,avg_last5,26/27/28/29/30,28.0,3,29,12,,
0.23467844721019038,0.912679003926917,0.06611008263520256,0.02257128316104714,8.044078659287898,GCE q=0.7,erm_gce_q07_cam,2,h0_do0.0_lr0.001_wd0.0001_bs512_ep30_v29gcefix_cam_pilot3s,avg_val_loss5,1/2/3/4/5,3.0,3,29,12,,
0.2601831163397344,0.9226491405460061,0.0616042153603488,0.03904944534231794,11.715726345269903,GCE q=0.7,erm_gce_q07_cam,3,h0_do0.0_lr0.001_wd0.0001_bs512_ep30_v29gcefix_cam_pilot3s,proxy_best,15,15.0,2,15,15,0.3268519639968872,0.9125
0.24300819230684773,0.9064359113034073,0.07022377577745066,0.01946969955662186,7.3565754078154235,GCE q=0.7,erm_gce_q07_cam,3,h0_do0.0_lr0.001_wd0.0001_bs512_ep30_v29gcefix_cam_pilot3s,val_loss_best,2,2.0,2,15,15,0.27674829959869385,0.9005
0.2601831163397344,0.9226491405460061,0.0616042153603488,0.03904944534231794,11.715726345269903,GCE q=0.7,erm_gce_q07_cam,3,h0_do0.0_lr0.001_wd0.0001_bs512_ep30_v29gcefix_cam_pilot3s,val_acc_best,15,15.0,2,15,15,0.3268519639968872,0.9125
0.29399605993028244,0.9176758294730406,0.06641139601550451,0.0462692803925558,13.129538511580222,GCE q=0.7,erm_gce_q07_cam,3,h0_do0.0_lr0.001_wd0.0001_bs512_ep30_v29gcefix_cam_pilot3s,avg_last5,26/27/28/29/30,28.0,2,15,15,,
0.23591149599668193,0.9117619394737461,0.06667706396253305,0.02294048048149357,8.070141373742732,GCE q=0.7,erm_gce_q07_cam,3,h0_do0.0_lr0.001_wd0.0001_bs512_ep30_v29gcefix_cam_pilot3s,avg_val_loss5,1/2/3/4/5,3.0,2,15,15,,
0.25719146957275685,0.9210971853175629,0.062402027529835945,0.03820379060798586,11.113458973347516,GCE q=0.7,erm_gce_q07_cam,4,h0_do0.0_lr0.001_wd0.0001_bs512_ep30_v29gcefix_cam_pilot3s,proxy_best,13,13.0,4,13,13,0.3162941336631775,0.9125
0.24311750698423726,0.9127260328732335,0.06690305100877736,0.029269404736134104,8.741714302196687,GCE q=0.7,erm_gce_q07_cam,4,h0_do0.0_lr0.001_wd0.0001_bs512_ep30_v29gcefix_cam_pilot3s,val_loss_best,4,4.0,4,13,13,0.2794918417930603,0.906
0.25719146957275685,0.9210971853175629,0.062402027529835945,0.03820379060798586,11.113458973347516,GCE q=0.7,erm_gce_q07_cam,4,h0_do0.0_lr0.001_wd0.0001_bs512_ep30_v29gcefix_cam_pilot3s,val_acc_best,13,13.0,4,13,13,0.3162941336631775,0.9125
0.2934681130983925,0.9182519340654173,0.06604278378138204,0.04594368323457426,13.203318868695076,GCE q=0.7,erm_gce_q07_cam,4,h0_do0.0_lr0.001_wd0.0001_bs512_ep30_v29gcefix_cam_pilot3s,avg_last5,26/27/28/29/30,28.0,4,13,13,,
0.2382067237730104,0.9134667387777177,0.06596459250827595,0.02733009289646582,8.596461866566516,GCE q=0.7,erm_gce_q07_cam,4,h0_do0.0_lr0.001_wd0.0001_bs512_ep30_v29gcefix_cam_pilot3s,avg_val_loss5,2/3/4/5/6,4.0,4,13,13,,
0.25237706107943536,0.9205093234886073,0.06242423913104987,0.03703832824632132,10.868216055572049,GCE q=0.7,erm_gce_q07_cam,5,h0_do0.0_lr0.001_wd0.0001_bs512_ep30_v29gcefix_cam_pilot3s,proxy_best,12,12.0,3,16,12,0.31224164366722107,0.911
0.24064310147044196,0.91051567239636,0.06775008758018945,0.02580005023591575,8.026303390414716,GCE q=0.7,erm_gce_q07_cam,5,h0_do0.0_lr0.001_wd0.0001_bs512_ep30_v29gcefix_cam_pilot3s,val_loss_best,3,3.0,3,16,12,0.2763141989707947,0.905
0.26574461195978305,0.9202389070472876,0.06330931347071439,0.040265452391206207,11.831992582301185,GCE q=0.7,erm_gce_q07_cam,5,h0_do0.0_lr0.001_wd0.0001_bs512_ep30_v29gcefix_cam_pilot3s,val_acc_best,16,16.0,3,16,12,0.33340513706207275,0.9125
0.2935086755251813,0.9181578761727843,0.06610710273389832,0.04595958568567033,13.149701506242042,GCE q=0.7,erm_gce_q07_cam,5,h0_do0.0_lr0.001_wd0.0001_bs512_ep30_v29gcefix_cam_pilot3s,avg_last5,26/27/28/29/30,28.0,3,16,12,,
0.23266936058611834,0.913396195358243,0.06551266665518798,0.02212021799519051,8.016003304935452,GCE q=0.7,erm_gce_q07_cam,5,h0_do0.0_lr0.001_wd0.0001_bs512_ep30_v29gcefix_cam_pilot3s,avg_val_loss5,1/2/3/4/5,3.0,3,16,12,,
0.27123930894115084,0.9208737978225597,0.06317356029893621,0.041517036790677725,11.915527828815401,GCE q=0.7,erm_gce_q07_cam,6,h0_do0.0_lr0.001_wd0.0001_bs512_ep30_v29gcefix_cam_pilot3s,proxy_best,19,19.0,3,25,19,0.33632805943489075,0.9105
0.24110377033124053,0.9096338796529264,0.06839296834134101,0.024584996369386537,7.915746974164714,GCE q=0.7,erm_gce_q07_cam,6,h0_do0.0_lr0.001_wd0.0001_bs512_ep30_v29gcefix_cam_pilot3s,val_loss_best,3,3.0,3,25,19,0.27585381269454956,0.9035
0.28467595554343583,0.9199920050791262,0.06443502518030346,0.0442482923357858,12.65290358032735,GCE q=0.7,erm_gce_q07_cam,6,h0_do0.0_lr0.001_wd0.0001_bs512_ep30_v29gcefix_cam_pilot3s,val_acc_best,25,25.0,3,25,19,0.3568359315395355,0.914
0.2928050375213461,0.9184400498506831,0.06577404583921946,0.04598024378942875,13.218186406497544,GCE q=0.7,erm_gce_q07_cam,6,h0_do0.0_lr0.001_wd0.0001_bs512_ep30_v29gcefix_cam_pilot3s,avg_last5,26/27/28/29/30,28.0,3,25,19,,
0.23565159871101615,0.9123262868295435,0.06633195351372534,0.02250141519522293,8.074460690540093,GCE q=0.7,erm_gce_q07_cam,6,h0_do0.0_lr0.001_wd0.0001_bs512_ep30_v29gcefix_cam_pilot3s,avg_val_loss5,1/2/3/4/5,3.0,3,25,19,,
0.25007678443615267,0.9191102123356926,0.06297815177563253,0.03665785629453158,10.493283718376691,GCE q=0.7,erm_gce_q07_cam,7,h0_do0.0_lr0.001_wd0.0001_bs512_ep30_v29gcefix_cam_pilot3s,proxy_best,11,11.0,5,26,11,0.3019639849662781,0.911
0.23838665249516516,0.916794036729607,0.0641470207460367,0.030282508331000622,9.120282356041848,GCE q=0.7,erm_gce_q07_cam,7,h0_do0.0_lr0.001_wd0.0001_bs512_ep30_v29gcefix_cam_pilot3s,val_loss_best,5,5.0,5,26,11,0.28087151050567627,0.908
0.28809807518937164,0.9197451031109648,0.0647669100336579,0.04489733951400694,12.826617218191947,GCE q=0.7,erm_gce_q07_cam,7,h0_do0.0_lr0.001_wd0.0001_bs512_ep30_v29gcefix_cam_pilot3s,val_acc_best,26,26.0,5,26,11,0.3609587550163269,0.9125
0.2954201616814825,0.9173583840854046,0.06657944519274589,0.046532729348070685,13.179157358528608,GCE q=0.7,erm_gce_q07_cam,7,h0_do0.0_lr0.001_wd0.0001_bs512_ep30_v29gcefix_cam_pilot3s,avg_last5,26/27/28/29/30,28.0,5,26,11,,
0.23927603000759157,0.9162884755567051,0.06442778895542334,0.030425566628635742,9.122875703692305,GCE q=0.7,erm_gce_q07_cam,7,h0_do0.0_lr0.001_wd0.0001_bs512_ep30_v29gcefix_cam_pilot3s,avg_val_loss5,3/4/5/6/7,5.0,5,26,11,,
0.2531417038537266,0.9225785971265313,0.06127822779219056,0.03727075859427517,11.23752198945773,GCE q=0.7,erm_gce_q07_cam,8,h0_do0.0_lr0.001_wd0.0001_bs512_ep30_v29gcefix_cam_pilot3s,proxy_best,13,13.0,4,13,13,0.3180924654006958,0.912
0.2378421777535002,0.9139958144237779,0.06567998629942441,0.027917731870462925,8.50939993177216,GCE q=0.7,erm_gce_q07_cam,8,h0_do0.0_lr0.001_wd0.0001_bs512_ep30_v29gcefix_cam_pilot3s,val_loss_best,4,4.0,4,13,13,0.2754848897457123,0.907
0.2531417038537266,0.9225785971265313,0.06127822779219056,0.03727075859427517,11.23752198945773,GCE q=0.7,erm_gce_q07_cam,8,h0_do0.0_lr0.001_wd0.0001_bs512_ep30_v29gcefix_cam_pilot3s,val_acc_best,13,13.0,4,13,13,0.3180924654006958,0.912
0.2940126241214437,0.9186634373456862,0.06578072497508833,0.04586457658557171,13.277992865337318,GCE q=0.7,erm_gce_q07_cam,8,h0_do0.0_lr0.001_wd0.0001_bs512_ep30_v29gcefix_cam_pilot3s,avg_last5,26/27/28/29/30,28.0,4,13,13,,
0.23614518689118658,0.9142662308650975,0.06536152461938834,0.026980504169247944,8.449654465902121,GCE q=0.7,erm_gce_q07_cam,8,h0_do0.0_lr0.001_wd0.0001_bs512_ep30_v29gcefix_cam_pilot3s,avg_val_loss5,2/3/4/5/6,4.0,4,13,13,,
0.2728693926073296,0.9216850471465187,0.06268760178893529,0.04170924393490477,12.406800229992072,GCE q=0.7,erm_gce_q07_cam,9,h0_do0.0_lr0.001_wd0.0001_bs512_ep30_v29gcefix_cam_pilot3s,proxy_best,20,20.0,3,17,20,0.34359830617904663,0.911
0.24179648571720586,0.9099865967502998,0.06808473884771017,0.025680779699507442,8.118776520039523,GCE q=0.7,erm_gce_q07_cam,9,h0_do0.0_lr0.001_wd0.0001_bs512_ep30_v29gcefix_cam_pilot3s,val_loss_best,3,3.0,3,17,20,0.2782633304595947,0.9035
0.2653838490047888,0.9217791050391516,0.06238219629359376,0.04014150918931415,11.905232478504676,GCE q=0.7,erm_gce_q07_cam,9,h0_do0.0_lr0.001_wd0.0001_bs512_ep30_v29gcefix_cam_pilot3s,val_acc_best,17,17.0,3,17,20,0.3345803916454315,0.913
0.2938600846515858,0.9181461189362052,0.06614152450590696,0.04599410025155749,13.18701581491192,GCE q=0.7,erm_gce_q07_cam,9,h0_do0.0_lr0.001_wd0.0001_bs512_ep30_v29gcefix_cam_pilot3s,avg_last5,26/27/28/29/30,28.0,3,17,20,,
0.23419239398079642,0.9126084605074424,0.06600483515213802,0.02205468251150463,8.064713314973007,GCE q=0.7,erm_gce_q07_cam,9,h0_do0.0_lr0.001_wd0.0001_bs512_ep30_v29gcefix_cam_pilot3s,avg_val_loss5,1/2/3/4/5,3.0,3,17,20,,
